id_animal,Kingdom,Subspecies,Class,Phylum
7323,Animalia,,Actinopteri,Chordata
6834,Animalia,,Actinopteri,Chordata
7487,Animalia,,Actinopteri,Chordata
7593,Animalia,,Actinopteri,Chordata
5994,Animalia,,Actinopteri,Chordata
5516,Animalia,,Actinopteri,Chordata
4985,Animalia,,Mammalia,Chordata
10716,Animalia,,Mammalia,Chordata
3436,Animalia,,Mammalia,Chordata
3625,Animalia,,Mammalia,Chordata
9206,Animalia,,Mammalia,Chordata
10636,Animalia,,Mammalia,Chordata
12217,Animalia,cerasina,Mammalia,Chordata
12333,Animalia,mayensis,Mammalia,Chordata
8832,Animalia,,Mammalia,Chordata
5742,Animalia,,Mammalia,Chordata
10291,Animalia,,Mammalia,Chordata
8725,Animalia,,Mammalia,Chordata
8246,Animalia,,Mammalia,Chordata
5827,Animalia,,Mammalia,Chordata
5656,Animalia,,Mammalia,Chordata
6975,Animalia,,Mammalia,Chordata
8023,Animalia,,Mammalia,Chordata
7195,Animalia,,Mammalia,Chordata
8142,Animalia,,Mammalia,Chordata
8201,Animalia,,Mammalia,Chordata
7041,Animalia,,Mammalia,Chordata
3072,Animalia,,Mammalia,Chordata
3049,Animalia,,Mammalia,Chordata
3167,Animalia,,Mammalia,Chordata
7534,Animalia,,Mammalia,Chordata
6408,Animalia,,Mammalia,Chordata
9189,Animalia,,Mammalia,Chordata
10120,Animalia,,Mammalia,Chordata
3399,Animalia,,Mammalia,Chordata
4427,Animalia,,Mammalia,Chordata
6385,Animalia,,Mammalia,Chordata
6330,Animalia,,Mammalia,Chordata
12230,Animalia,costaricensis,Mammalia,Chordata
12325,Animalia,couguar,Mammalia,Chordata
9682,Animalia,,Mammalia,Chordata
6973,Animalia,,Mammalia,Chordata
12195,Animalia,auropunctatus,Mammalia,Chordata
9154,Animalia,,Mammalia,Chordata
7817,Animalia,,Mammalia,Chordata
4391,Animalia,,Mammalia,Chordata
5716,Animalia,,Mammalia,Chordata
6787,Animalia,,Mammalia,Chordata
6048,Animalia,,Mammalia,Chordata
8813,Animalia,,Mammalia,Chordata
9396,Animalia,,Mammalia,Chordata
3749,Animalia,,Mammalia,Chordata
8289,Animalia,,Mammalia,Chordata
3029,Animalia,,Mammalia,Chordata
5342,Animalia,,Mammalia,Chordata
5907,Animalia,,Mammalia,Chordata
6763,Animalia,,Mammalia,Chordata
11057,Animalia,,Mammalia,Chordata
5322,Animalia,,Mammalia,Chordata
9172,Animalia,,Mammalia,Chordata
12253,Animalia,solitaria,Mammalia,Chordata
10012,Animalia,,Mammalia,Chordata
10071,Animalia,,Mammalia,Chordata
6659,Animalia,,Mammalia,Chordata
11020,Animalia,,Mammalia,Chordata
8288,Animalia,,Mammalia,Chordata
6477,Animalia,,Mammalia,Chordata
3975,Animalia,,Mammalia,Chordata
6352,Animalia,,Mammalia,Chordata
10905,Animalia,,Mammalia,Chordata
9445,Animalia,,Mammalia,Chordata
3052,Animalia,,Mammalia,Chordata
7265,Animalia,,Mammalia,Chordata
10200,Animalia,,Mammalia,Chordata
5623,Animalia,,Mammalia,Chordata
5924,Animalia,,Mammalia,Chordata
3327,Animalia,,Mammalia,Chordata
8462,Animalia,,Mammalia,Chordata
7046,Animalia,,Mammalia,Chordata
9702,Animalia,,Mammalia,Chordata
7197,Animalia,,Mammalia,Chordata
6793,Animalia,,Mammalia,Chordata
7504,Animalia,,Mammalia,Chordata
10842,Animalia,,Mammalia,Chordata
10448,Animalia,,Mammalia,Chordata
6391,Animalia,,Mammalia,Chordata
7820,Animalia,,Mammalia,Chordata
6795,Animalia,,Mammalia,Chordata
4962,Animalia,,Mammalia,Chordata
10624,Animalia,,Mammalia,Chordata
8989,Animalia,,Mammalia,Chordata
11236,Animalia,,Mammalia,Chordata
10064,Animalia,,Mammalia,Chordata
8215,Animalia,,Mammalia,Chordata
10191,Animalia,,Mammalia,Chordata
6629,Animalia,,Mammalia,Chordata
7086,Animalia,,Mammalia,Chordata
4021,Animalia,,Mammalia,Chordata
8842,Animalia,,Mammalia,Chordata
8608,Animalia,,Mammalia,Chordata
11079,Animalia,,Mammalia,Chordata
5385,Animalia,,Mammalia,Chordata
6515,Animalia,,Mammalia,Chordata
6532,Animalia,,Mammalia,Chordata
10761,Animalia,,Mammalia,Chordata
7840,Animalia,,Mammalia,Chordata
3957,Animalia,,Mammalia,Chordata
7528,Animalia,,Mammalia,Chordata
10436,Animalia,,Mammalia,Chordata
8883,Animalia,,Mammalia,Chordata
10466,Animalia,,Mammalia,Chordata
6913,Animalia,,Mammalia,Chordata
3188,Animalia,,Mammalia,Chordata
68344,Animalia,,Mammalia,Chordata
5644,Animalia,,Mammalia,Chordata
8066,Animalia,,Mammalia,Chordata
8605,Animalia,,Mammalia,Chordata
4039,Animalia,,Mammalia,Chordata
8310,Animalia,,Mammalia,Chordata
5326,Animalia,,Mammalia,Chordata
11224,Animalia,,Mammalia,Chordata
7655,Animalia,,Mammalia,Chordata
9146,Animalia,,Mammalia,Chordata
5522,Animalia,,Mammalia,Chordata
4416,Animalia,,Mammalia,Chordata
7223,Animalia,,Mammalia,Chordata
10095,Animalia,,Mammalia,Chordata
3928,Animalia,,Mammalia,Chordata
54736,Animalia,,Mammalia,Chordata
5257,Animalia,,Mammalia,Chordata
11129,Animalia,,Mammalia,Chordata
4631,Animalia,,Mammalia,Chordata
4209,Animalia,,Mammalia,Chordata
6177,Animalia,,Mammalia,Chordata
7420,Animalia,,Mammalia,Chordata
7846,Animalia,,Mammalia,Chordata
7725,Animalia,,Mammalia,Chordata
3269,Animalia,,Mammalia,Chordata
8974,Animalia,,Mammalia,Chordata
5421,Animalia,,Mammalia,Chordata
6573,Animalia,,Mammalia,Chordata
6415,Animalia,,Mammalia,Chordata
6096,Animalia,,Mammalia,Chordata
8425,Animalia,,Mammalia,Chordata
5437,Animalia,,Mammalia,Chordata
5404,Animalia,,Mammalia,Chordata
11135,Animalia,,Mammalia,Chordata
8976,Animalia,,Mammalia,Chordata
5936,Animalia,,Mammalia,Chordata
10519,Animalia,,Mammalia,Chordata
10985,Animalia,,Mammalia,Chordata
6697,Animalia,,Mammalia,Chordata
4938,Animalia,,Mammalia,Chordata
6635,Animalia,,Mammalia,Chordata
5608,Animalia,,Mammalia,Chordata
7952,Animalia,,Mammalia,Chordata
12214,Animalia,frontatus,Mammalia,Chordata
68346,Animalia,ornatus,Mammalia,Chordata
9553,Animalia,,Mammalia,Chordata
9302,Animalia,,Mammalia,Chordata
10405,Animalia,,Mammalia,Chordata
10078,Animalia,,Mammalia,Chordata
5882,Animalia,,Mammalia,Chordata
8304,Animalia,,Mammalia,Chordata
4333,Animalia,,Mammalia,Chordata
9750,Animalia,,Mammalia,Chordata
4069,Animalia,,Mammalia,Chordata
4996,Animalia,,Mammalia,Chordata
8992,Animalia,,Mammalia,Chordata
4502,Animalia,,Mammalia,Chordata
7910,Animalia,,Mammalia,Chordata
4190,Animalia,,Mammalia,Chordata
3607,Animalia,,Mammalia,Chordata
4984,Animalia,,Mammalia,Chordata
7641,Animalia,,Mammalia,Chordata
9363,Animalia,,Mammalia,Chordata
4507,Animalia,,Mammalia,Chordata
10518,Animalia,,Mammalia,Chordata
4202,Animalia,,Mammalia,Chordata
5346,Animalia,,Mammalia,Chordata
7169,Animalia,,Mammalia,Chordata
4237,Animalia,,Mammalia,Chordata
4882,Animalia,,Mammalia,Chordata
4346,Animalia,,Mammalia,Chordata
10570,Animalia,,Mammalia,Chordata
3244,Animalia,,Mammalia,Chordata
8000,Animalia,,Mammalia,Chordata
5614,Animalia,,Mammalia,Chordata
10074,Animalia,,Mammalia,Chordata
10506,Animalia,,Mammalia,Chordata
9298,Animalia,,Mammalia,Chordata
9931,Animalia,,Mammalia,Chordata
6424,Animalia,,Mammalia,Chordata
4025,Animalia,,Mammalia,Chordata
8649,Animalia,,Mammalia,Chordata
3810,Animalia,,Mammalia,Chordata
5575,Animalia,,Mammalia,Chordata
9285,Animalia,,Mammalia,Chordata
7097,Animalia,,Mammalia,Chordata
7368,Animalia,,Mammalia,Chordata
4788,Animalia,,Mammalia,Chordata
3767,Animalia,,Mammalia,Chordata
6743,Animalia,,Mammalia,Chordata
9518,Animalia,,Mammalia,Chordata
5931,Animalia,,Mammalia,Chordata
7581,Animalia,,Mammalia,Chordata
6142,Animalia,,Mammalia,Chordata
6393,Animalia,,Mammalia,Chordata
5284,Animalia,,Mammalia,Chordata
9705,Animalia,,Mammalia,Chordata
4870,Animalia,,Mammalia,Chordata
8966,Animalia,,Mammalia,Chordata
4273,Animalia,,Mammalia,Chordata
9746,Animalia,,Mammalia,Chordata
8942,Animalia,,Mammalia,Chordata
3481,Animalia,,Mammalia,Chordata
3547,Animalia,,Mammalia,Chordata
7807,Animalia,,Mammalia,Chordata
4999,Animalia,,Mammalia,Chordata
3162,Animalia,,Mammalia,Chordata
7448,Animalia,,Mammalia,Chordata
68348,Animalia,,Mammalia,Chordata
4748,Animalia,,Mammalia,Chordata
68351,Animalia,,Mammalia,Chordata
6620,Animalia,,Mammalia,Chordata
6767,Animalia,,Mammalia,Chordata
10482,Animalia,,Mammalia,Chordata
7946,Animalia,,Mammalia,Chordata
5362,Animalia,,Mammalia,Chordata
8199,Animalia,,Mammalia,Chordata
3510,Animalia,,Mammalia,Chordata
4060,Animalia,,Mammalia,Chordata
68352,Animalia,,Mammalia,Chordata
6454,Animalia,,Mammalia,Chordata
7016,Animalia,,Mammalia,Chordata
4774,Animalia,,Mammalia,Chordata
10663,Animalia,,Mammalia,Chordata
3230,Animalia,,Mammalia,Chordata
5386,Animalia,,Mammalia,Chordata
7400,Animalia,,Mammalia,Chordata
6492,Animalia,,Mammalia,Chordata
5823,Animalia,,Mammalia,Chordata
9885,Animalia,,Mammalia,Chordata
9558,Animalia,,Mammalia,Chordata
7546,Animalia,,Mammalia,Chordata
3307,Animalia,,Mammalia,Chordata
8715,Animalia,,Mammalia,Chordata
3698,Animalia,,Mammalia,Chordata
10898,Animalia,,Mammalia,Chordata
11145,Animalia,,Mammalia,Chordata
5877,Animalia,,Mammalia,Chordata
10604,Animalia,,Mammalia,Chordata
4982,Animalia,,Mammalia,Chordata
9840,Animalia,,Mammalia,Chordata
7813,Animalia,,Mammalia,Chordata
3884,Animalia,,Mammalia,Chordata
8273,Animalia,,Mammalia,Chordata
8279,Animalia,,Mammalia,Chordata
7665,Animalia,,Mammalia,Chordata
6703,Animalia,,Mammalia,Chordata
10823,Animalia,,Mammalia,Chordata
8012,Animalia,,Mammalia,Chordata
8483,Animalia,,Mammalia,Chordata
5859,Animalia,,Mammalia,Chordata
7412,Animalia,,Mammalia,Chordata
8189,Animalia,,Mammalia,Chordata
3956,Animalia,,Mammalia,Chordata
3024,Animalia,,Mammalia,Chordata
3139,Animalia,,Mammalia,Chordata
9977,Animalia,,Mammalia,Chordata
68359,Animalia,,Mammalia,Chordata
68356,Animalia,,Mammalia,Chordata
68354,Animalia,,Mammalia,Chordata
4817,Animalia,,Mammalia,Chordata
68355,Animalia,,Mammalia,Chordata
11237,Animalia,,Mammalia,Chordata
68358,Animalia,,Mammalia,Chordata
7806,Animalia,,Mammalia,Chordata
68450,Animalia,,Mammalia,Chordata
6015,Animalia,,Mammalia,Chordata
8775,Animalia,,Mammalia,Chordata
8987,Animalia,,Mammalia,Chordata
4693,Animalia,,Mammalia,Chordata
5368,Animalia,,Mammalia,Chordata
7122,Animalia,,Mammalia,Chordata
3447,Animalia,,Mammalia,Chordata
9454,Animalia,,Mammalia,Chordata
4548,Animalia,,Mammalia,Chordata
5645,Animalia,,Aves,Chordata
4108,Animalia,,Aves,Chordata
4624,Animalia,,Aves,Chordata
10553,Animalia,,Aves,Chordata
5686,Animalia,,Aves,Chordata
7522,Animalia,,Aves,Chordata
3734,Animalia,,Aves,Chordata
7623,Animalia,,Aves,Chordata
9371,Animalia,,Aves,Chordata
4223,Animalia,,Aves,Chordata
4677,Animalia,,Aves,Chordata
4659,Animalia,,Aves,Chordata
6907,Animalia,,Aves,Chordata
5681,Animalia,,Aves,Chordata
8074,Animalia,,Aves,Chordata
10643,Animalia,,Aves,Chordata
4537,Animalia,,Aves,Chordata
5216,Animalia,,Aves,Chordata
5458,Animalia,,Aves,Chordata
10680,Animalia,,Aves,Chordata
10657,Animalia,,Aves,Chordata
7627,Animalia,,Aves,Chordata
9209,Animalia,,Aves,Chordata
7988,Animalia,,Aves,Chordata
10528,Animalia,,Aves,Chordata
5948,Animalia,,Aves,Chordata
6304,Animalia,,Aves,Chordata
6362,Animalia,,Aves,Chordata
10973,Animalia,,Aves,Chordata
5396,Animalia,,Aves,Chordata
6585,Animalia,,Aves,Chordata
10055,Animalia,,Aves,Chordata
5222,Animalia,,Aves,Chordata
9170,Animalia,,Aves,Chordata
4827,Animalia,,Aves,Chordata
9690,Animalia,,Aves,Chordata
4577,Animalia,,Aves,Chordata
10963,Animalia,,Aves,Chordata
10895,Animalia,,Aves,Chordata
3210,Animalia,,Aves,Chordata
10560,Animalia,,Aves,Chordata
6717,Animalia,,Aves,Chordata
4337,Animalia,,Aves,Chordata
10762,Animalia,,Aves,Chordata
5088,Animalia,,Aves,Chordata
7344,Animalia,,Aves,Chordata
7140,Animalia,,Aves,Chordata
4106,Animalia,,Aves,Chordata
11267,Animalia,,Aves,Chordata
3336,Animalia,,Aves,Chordata
5270,Animalia,,Aves,Chordata
6545,Animalia,,Aves,Chordata
4895,Animalia,,Aves,Chordata
4433,Animalia,,Aves,Chordata
6672,Animalia,,Aves,Chordata
4132,Animalia,,Aves,Chordata
9589,Animalia,,Aves,Chordata
5452,Animalia,,Aves,Chordata
3164,Animalia,,Aves,Chordata
4204,Animalia,,Aves,Chordata
8464,Animalia,,Aves,Chordata
8928,Animalia,,Aves,Chordata
3171,Animalia,,Aves,Chordata
9041,Animalia,,Aves,Chordata
8834,Animalia,,Aves,Chordata
5738,Animalia,,Aves,Chordata
7085,Animalia,,Aves,Chordata
8468,Animalia,,Aves,Chordata
7933,Animalia,,Aves,Chordata
3715,Animalia,,Aves,Chordata
6472,Animalia,,Aves,Chordata
3652,Animalia,,Aves,Chordata
10888,Animalia,,Aves,Chordata
3600,Animalia,,Aves,Chordata
10130,Animalia,,Aves,Chordata
3790,Animalia,,Aves,Chordata
5573,Animalia,,Aves,Chordata
7705,Animalia,,Aves,Chordata
8258,Animalia,,Aves,Chordata
6364,Animalia,,Aves,Chordata
9007,Animalia,,Aves,Chordata
10297,Animalia,,Aves,Chordata
4028,Animalia,,Aves,Chordata
6567,Animalia,,Aves,Chordata
11160,Animalia,,Aves,Chordata
6647,Animalia,,Aves,Chordata
4535,Animalia,,Aves,Chordata
6941,Animalia,,Aves,Chordata
8044,Animalia,,Aves,Chordata
7700,Animalia,,Aves,Chordata
7571,Animalia,,Aves,Chordata
8502,Animalia,,Aves,Chordata
7732,Animalia,,Aves,Chordata
6297,Animalia,,Aves,Chordata
3733,Animalia,,Aves,Chordata
10147,Animalia,,Aves,Chordata
10216,Animalia,,Aves,Chordata
10523,Animalia,,Aves,Chordata
8170,Animalia,,Aves,Chordata
6152,Animalia,,Aves,Chordata
9918,Animalia,,Aves,Chordata
5692,Animalia,,Aves,Chordata
5273,Animalia,,Aves,Chordata
3917,Animalia,,Aves,Chordata
9089,Animalia,,Aves,Chordata
4222,Animalia,,Aves,Chordata
7936,Animalia,,Aves,Chordata
4804,Animalia,,Aves,Chordata
7707,Animalia,,Aves,Chordata
7476,Animalia,,Aves,Chordata
5315,Animalia,,Aves,Chordata
6461,Animalia,,Aves,Chordata
6404,Animalia,,Aves,Chordata
5887,Animalia,,Aves,Chordata
9658,Animalia,,Aves,Chordata
8908,Animalia,,Aves,Chordata
5996,Animalia,,Aves,Chordata
3207,Animalia,,Aves,Chordata
4448,Animalia,,Aves,Chordata
4104,Animalia,,Aves,Chordata
5198,Animalia,,Aves,Chordata
5016,Animalia,,Aves,Chordata
10621,Animalia,,Aves,Chordata
3394,Animalia,,Aves,Chordata
6399,Animalia,,Aves,Chordata
10142,Animalia,,Aves,Chordata
3892,Animalia,,Aves,Chordata
4093,Animalia,,Aves,Chordata
5682,Animalia,,Aves,Chordata
7881,Animalia,,Aves,Chordata
9847,Animalia,,Aves,Chordata
10516,Animalia,,Aves,Chordata
7068,Animalia,,Aves,Chordata
3707,Animalia,,Aves,Chordata
8486,Animalia,,Aves,Chordata
9347,Animalia,,Aves,Chordata
4413,Animalia,,Aves,Chordata
7772,Animalia,,Aves,Chordata
9254,Animalia,,Aves,Chordata
6058,Animalia,,Aves,Chordata
7876,Animalia,,Aves,Chordata
7491,Animalia,,Aves,Chordata
9580,Animalia,,Aves,Chordata
6086,Animalia,,Aves,Chordata
8909,Animalia,,Aves,Chordata
5796,Animalia,,Aves,Chordata
7815,Animalia,,Aves,Chordata
6602,Animalia,,Aves,Chordata
7042,Animalia,,Aves,Chordata
10630,Animalia,,Aves,Chordata
8554,Animalia,,Aves,Chordata
9095,Animalia,,Aves,Chordata
8843,Animalia,,Aves,Chordata
11125,Animalia,,Aves,Chordata
10944,Animalia,,Aves,Chordata
10851,Animalia,,Aves,Chordata
7685,Animalia,,Aves,Chordata
10946,Animalia,,Aves,Chordata
7279,Animalia,,Aves,Chordata
3097,Animalia,,Aves,Chordata
3476,Animalia,,Aves,Chordata
3368,Animalia,,Aves,Chordata
11175,Animalia,,Aves,Chordata
9188,Animalia,,Aves,Chordata
8785,Animalia,,Aves,Chordata
8311,Animalia,,Aves,Chordata
8771,Animalia,,Aves,Chordata
9414,Animalia,,Aves,Chordata
6387,Animalia,,Aves,Chordata
11130,Animalia,,Aves,Chordata
7449,Animalia,,Aves,Chordata
5365,Animalia,,Aves,Chordata
55213,Animalia,,Aves,Chordata
6134,Animalia,,Aves,Chordata
6932,Animalia,,Aves,Chordata
7963,Animalia,,Aves,Chordata
4059,Animalia,,Aves,Chordata
5639,Animalia,,Aves,Chordata
5305,Animalia,,Aves,Chordata
8639,Animalia,,Aves,Chordata
6126,Animalia,,Aves,Chordata
9096,Animalia,,Aves,Chordata
7913,Animalia,,Aves,Chordata
5261,Animalia,,Aves,Chordata
4123,Animalia,,Aves,Chordata
11112,Animalia,,Aves,Chordata
4077,Animalia,,Aves,Chordata
4755,Animalia,,Aves,Chordata
6412,Animalia,,Aves,Chordata
8403,Animalia,,Aves,Chordata
4295,Animalia,,Aves,Chordata
4198,Animalia,,Aves,Chordata
3977,Animalia,,Aves,Chordata
7609,Animalia,,Aves,Chordata
7388,Animalia,,Aves,Chordata
3286,Animalia,,Aves,Chordata
6791,Animalia,,Aves,Chordata
3845,Animalia,,Aves,Chordata
10274,Animalia,,Aves,Chordata
9579,Animalia,,Aves,Chordata
5521,Animalia,,Aves,Chordata
4048,Animalia,,Aves,Chordata
4201,Animalia,,Aves,Chordata
7985,Animalia,,Aves,Chordata
8153,Animalia,,Aves,Chordata
6858,Animalia,,Aves,Chordata
5112,Animalia,,Aves,Chordata
3785,Animalia,,Aves,Chordata
4287,Animalia,,Aves,Chordata
10412,Animalia,,Aves,Chordata
7883,Animalia,,Aves,Chordata
7570,Animalia,,Aves,Chordata
4736,Animalia,,Aves,Chordata
9779,Animalia,,Aves,Chordata
7350,Animalia,,Aves,Chordata
4110,Animalia,,Aves,Chordata
4072,Animalia,,Aves,Chordata
4401,Animalia,,Aves,Chordata
5990,Animalia,,Aves,Chordata
10589,Animalia,,Aves,Chordata
6165,Animalia,,Aves,Chordata
4777,Animalia,,Aves,Chordata
5828,Animalia,,Aves,Chordata
10117,Animalia,,Aves,Chordata
4261,Animalia,,Aves,Chordata
4178,Animalia,,Aves,Chordata
3041,Animalia,,Aves,Chordata
8259,Animalia,,Aves,Chordata
8991,Animalia,,Aves,Chordata
10689,Animalia,,Aves,Chordata
3567,Animalia,,Aves,Chordata
6308,Animalia,,Aves,Chordata
10886,Animalia,,Aves,Chordata
3744,Animalia,,Aves,Chordata
10379,Animalia,,Aves,Chordata
10016,Animalia,,Aves,Chordata
10986,Animalia,,Aves,Chordata
8129,Animalia,,Aves,Chordata
7198,Animalia,,Aves,Chordata
10350,Animalia,,Aves,Chordata
7518,Animalia,,Aves,Chordata
8054,Animalia,,Aves,Chordata
4582,Animalia,,Aves,Chordata
9437,Animalia,,Aves,Chordata
4916,Animalia,,Aves,Chordata
9142,Animalia,,Aves,Chordata
8826,Animalia,,Aves,Chordata
5709,Animalia,,Aves,Chordata
6748,Animalia,,Aves,Chordata
8426,Animalia,,Aves,Chordata
7235,Animalia,,Aves,Chordata
5920,Animalia,,Aves,Chordata
5543,Animalia,,Aves,Chordata
6999,Animalia,,Aves,Chordata
8963,Animalia,,Aves,Chordata
8038,Animalia,,Aves,Chordata
6153,Animalia,,Aves,Chordata
3134,Animalia,,Aves,Chordata
8263,Animalia,,Aves,Chordata
6607,Animalia,,Aves,Chordata
4725,Animalia,,Aves,Chordata
9955,Animalia,,Aves,Chordata
8598,Animalia,,Aves,Chordata
5038,Animalia,,Aves,Chordata
3852,Animalia,,Aves,Chordata
4557,Animalia,,Aves,Chordata
10796,Animalia,,Aves,Chordata
8148,Animalia,,Aves,Chordata
10670,Animalia,,Aves,Chordata
9358,Animalia,,Aves,Chordata
6807,Animalia,,Aves,Chordata
4350,Animalia,,Aves,Chordata
4470,Animalia,,Aves,Chordata
3859,Animalia,,Aves,Chordata
6846,Animalia,,Aves,Chordata
4064,Animalia,,Aves,Chordata
5880,Animalia,,Aves,Chordata
6265,Animalia,,Aves,Chordata
7371,Animalia,,Aves,Chordata
8422,Animalia,,Aves,Chordata
4711,Animalia,,Aves,Chordata
7163,Animalia,,Aves,Chordata
8257,Animalia,,Aves,Chordata
6638,Animalia,,Aves,Chordata
5873,Animalia,,Aves,Chordata
7630,Animalia,,Aves,Chordata
4972,Animalia,,Aves,Chordata
10989,Animalia,,Aves,Chordata
9532,Animalia,,Aves,Chordata
4274,Animalia,,Aves,Chordata
6997,Animalia,,Aves,Chordata
10140,Animalia,,Aves,Chordata
10411,Animalia,,Aves,Chordata
9687,Animalia,,Aves,Chordata
7030,Animalia,,Aves,Chordata
7386,Animalia,,Aves,Chordata
3756,Animalia,,Aves,Chordata
3091,Animalia,,Aves,Chordata
7755,Animalia,,Aves,Chordata
7134,Animalia,,Aves,Chordata
11028,Animalia,,Aves,Chordata
7783,Animalia,,Aves,Chordata
6215,Animalia,,Aves,Chordata
3903,Animalia,,Aves,Chordata
6678,Animalia,,Aves,Chordata
8368,Animalia,,Aves,Chordata
11110,Animalia,,Aves,Chordata
6554,Animalia,,Aves,Chordata
6910,Animalia,,Aves,Chordata
4281,Animalia,,Aves,Chordata
5338,Animalia,,Aves,Chordata
3274,Animalia,,Aves,Chordata
4421,Animalia,,Aves,Chordata
5160,Animalia,,Aves,Chordata
8069,Animalia,,Aves,Chordata
3318,Animalia,,Aves,Chordata
5141,Animalia,,Aves,Chordata
6057,Animalia,,Aves,Chordata
6528,Animalia,,Aves,Chordata
10862,Animalia,,Aves,Chordata
8061,Animalia,,Aves,Chordata
6046,Animalia,,Aves,Chordata
6234,Animalia,,Aves,Chordata
8745,Animalia,,Aves,Chordata
7110,Animalia,,Aves,Chordata
8103,Animalia,,Aves,Chordata
10004,Animalia,,Aves,Chordata
9391,Animalia,,Aves,Chordata
6883,Animalia,,Aves,Chordata
5427,Animalia,,Aves,Chordata
5906,Animalia,,Aves,Chordata
6003,Animalia,,Aves,Chordata
8546,Animalia,,Aves,Chordata
7656,Animalia,,Aves,Chordata
3703,Animalia,,Aves,Chordata
5849,Animalia,,Aves,Chordata
3908,Animalia,,Aves,Chordata
6605,Animalia,,Aves,Chordata
9825,Animalia,,Aves,Chordata
6821,Animalia,,Aves,Chordata
10875,Animalia,,Aves,Chordata
3174,Animalia,,Aves,Chordata
5423,Animalia,,Aves,Chordata
4098,Animalia,,Aves,Chordata
10348,Animalia,,Aves,Chordata
4750,Animalia,,Aves,Chordata
6677,Animalia,,Aves,Chordata
5184,Animalia,,Aves,Chordata
9162,Animalia,,Aves,Chordata
3794,Animalia,,Aves,Chordata
10378,Animalia,,Aves,Chordata
6413,Animalia,,Aves,Chordata
9273,Animalia,,Aves,Chordata
12205,Animalia,wilsonii,Aves,Chordata
10502,Animalia,,Aves,Chordata
10892,Animalia,,Aves,Chordata
6621,Animalia,,Aves,Chordata
6561,Animalia,,Aves,Chordata
6904,Animalia,,Aves,Chordata
8906,Animalia,,Aves,Chordata
5169,Animalia,,Aves,Chordata
4283,Animalia,,Aves,Chordata
10241,Animalia,,Aves,Chordata
5537,Animalia,,Aves,Chordata
6034,Animalia,,Aves,Chordata
3792,Animalia,,Aves,Chordata
3169,Animalia,,Aves,Chordata
8680,Animalia,,Aves,Chordata
8471,Animalia,,Aves,Chordata
6689,Animalia,,Aves,Chordata
7786,Animalia,,Aves,Chordata
10914,Animalia,,Aves,Chordata
4569,Animalia,,Aves,Chordata
11058,Animalia,,Aves,Chordata
6696,Animalia,,Aves,Chordata
6195,Animalia,,Aves,Chordata
8716,Animalia,,Aves,Chordata
10305,Animalia,,Aves,Chordata
7823,Animalia,,Aves,Chordata
8938,Animalia,,Aves,Chordata
10617,Animalia,,Aves,Chordata
6668,Animalia,,Aves,Chordata
7769,Animalia,,Aves,Chordata
3634,Animalia,,Aves,Chordata
8126,Animalia,,Aves,Chordata
7676,Animalia,,Aves,Chordata
10877,Animalia,,Aves,Chordata
8451,Animalia,,Aves,Chordata
8749,Animalia,,Aves,Chordata
3507,Animalia,,Aves,Chordata
4494,Animalia,,Aves,Chordata
5488,Animalia,,Aves,Chordata
6579,Animalia,,Aves,Chordata
10473,Animalia,,Aves,Chordata
7740,Animalia,,Aves,Chordata
3612,Animalia,,Aves,Chordata
4334,Animalia,,Aves,Chordata
6244,Animalia,,Aves,Chordata
9656,Animalia,,Aves,Chordata
3545,Animalia,,Aves,Chordata
3675,Animalia,,Aves,Chordata
8951,Animalia,,Aves,Chordata
10355,Animalia,,Aves,Chordata
10775,Animalia,,Aves,Chordata
9270,Animalia,,Aves,Chordata
9659,Animalia,,Aves,Chordata
8009,Animalia,,Aves,Chordata
9268,Animalia,,Aves,Chordata
8214,Animalia,,Aves,Chordata
8017,Animalia,,Aves,Chordata
10165,Animalia,,Aves,Chordata
8309,Animalia,,Aves,Chordata
8627,Animalia,,Aves,Chordata
9125,Animalia,,Aves,Chordata
3228,Animalia,,Aves,Chordata
10128,Animalia,,Aves,Chordata
3366,Animalia,,Aves,Chordata
10360,Animalia,,Aves,Chordata
5251,Animalia,,Aves,Chordata
4267,Animalia,,Aves,Chordata
3747,Animalia,,Aves,Chordata
9428,Animalia,,Aves,Chordata
4524,Animalia,,Aves,Chordata
8933,Animalia,,Aves,Chordata
7743,Animalia,,Aves,Chordata
7506,Animalia,,Aves,Chordata
10359,Animalia,,Aves,Chordata
11162,Animalia,,Aves,Chordata
4262,Animalia,,Aves,Chordata
3745,Animalia,,Aves,Chordata
7468,Animalia,,Aves,Chordata
7109,Animalia,,Aves,Chordata
3270,Animalia,,Aves,Chordata
65568,Animalia,,Aves,Chordata
7937,Animalia,,Aves,Chordata
12283,Animalia,nesiotes,Aves,Chordata
5218,Animalia,,Aves,Chordata
5825,Animalia,,Aves,Chordata
4605,Animalia,,Aves,Chordata
8156,Animalia,,Aves,Chordata
9857,Animalia,,Aves,Chordata
11218,Animalia,,Aves,Chordata
3989,Animalia,,Aves,Chordata
10623,Animalia,,Aves,Chordata
10795,Animalia,,Aves,Chordata
7873,Animalia,,Aves,Chordata
5023,Animalia,,Aves,Chordata
7062,Animalia,,Aves,Chordata
11086,Animalia,,Aves,Chordata
9374,Animalia,,Aves,Chordata
7217,Animalia,,Aves,Chordata
6000,Animalia,,Aves,Chordata
9286,Animalia,,Aves,Chordata
4248,Animalia,,Aves,Chordata
5279,Animalia,,Aves,Chordata
6674,Animalia,,Aves,Chordata
6586,Animalia,,Aves,Chordata
9305,Animalia,,Aves,Chordata
7413,Animalia,,Aves,Chordata
7305,Animalia,,Aves,Chordata
6239,Animalia,,Aves,Chordata
10450,Animalia,,Aves,Chordata
5335,Animalia,,Aves,Chordata
7524,Animalia,,Aves,Chordata
5204,Animalia,,Aves,Chordata
9077,Animalia,,Aves,Chordata
4166,Animalia,,Aves,Chordata
5156,Animalia,,Aves,Chordata
3721,Animalia,,Aves,Chordata
5318,Animalia,,Aves,Chordata
10032,Animalia,,Aves,Chordata
8961,Animalia,,Aves,Chordata
5816,Animalia,,Aves,Chordata
5571,Animalia,,Aves,Chordata
10655,Animalia,,Aves,Chordata
8116,Animalia,,Aves,Chordata
9807,Animalia,,Aves,Chordata
8804,Animalia,,Aves,Chordata
10208,Animalia,,Aves,Chordata
7836,Animalia,,Aves,Chordata
3948,Animalia,,Aves,Chordata
10835,Animalia,,Aves,Chordata
11033,Animalia,,Aves,Chordata
4520,Animalia,,Aves,Chordata
6713,Animalia,,Aves,Chordata
7498,Animalia,,Aves,Chordata
5359,Animalia,,Aves,Chordata
9547,Animalia,,Aves,Chordata
11137,Animalia,,Aves,Chordata
9861,Animalia,,Aves,Chordata
3256,Animalia,,Aves,Chordata
5002,Animalia,,Aves,Chordata
8986,Animalia,,Aves,Chordata
5579,Animalia,,Aves,Chordata
11207,Animalia,,Aves,Chordata
3879,Animalia,,Aves,Chordata
8383,Animalia,,Aves,Chordata
6768,Animalia,,Aves,Chordata
4650,Animalia,,Aves,Chordata
5570,Animalia,,Aves,Chordata
6826,Animalia,,Aves,Chordata
8817,Animalia,,Aves,Chordata
3224,Animalia,,Aves,Chordata
10092,Animalia,,Aves,Chordata
9191,Animalia,,Aves,Chordata
3944,Animalia,,Aves,Chordata
11275,Animalia,,Aves,Chordata
10168,Animalia,,Aves,Chordata
7143,Animalia,,Aves,Chordata
8739,Animalia,,Aves,Chordata
4313,Animalia,,Aves,Chordata
5325,Animalia,,Aves,Chordata
7663,Animalia,,Aves,Chordata
8280,Animalia,,Aves,Chordata
5500,Animalia,,Aves,Chordata
10115,Animalia,,Aves,Chordata
9864,Animalia,,Aves,Chordata
4797,Animalia,,Aves,Chordata
7141,Animalia,,Aves,Chordata
6449,Animalia,,Aves,Chordata
7695,Animalia,,Aves,Chordata
7392,Animalia,,Aves,Chordata
4354,Animalia,,Aves,Chordata
6827,Animalia,,Aves,Chordata
5574,Animalia,,Aves,Chordata
5529,Animalia,,Aves,Chordata
9617,Animalia,,Aves,Chordata
4088,Animalia,,Aves,Chordata
9480,Animalia,,Aves,Chordata
7073,Animalia,,Aves,Chordata
10769,Animalia,,Aves,Chordata
4877,Animalia,,Aves,Chordata
11243,Animalia,,Aves,Chordata
6808,Animalia,,Aves,Chordata
8978,Animalia,,Aves,Chordata
6143,Animalia,,Aves,Chordata
7416,Animalia,,Aves,Chordata
7170,Animalia,,Aves,Chordata
7980,Animalia,,Aves,Chordata
6405,Animalia,,Aves,Chordata
10676,Animalia,,Aves,Chordata
3252,Animalia,,Aves,Chordata
5086,Animalia,,Aves,Chordata
10903,Animalia,,Aves,Chordata
6166,Animalia,,Aves,Chordata
6634,Animalia,,Aves,Chordata
4599,Animalia,,Aves,Chordata
10994,Animalia,,Aves,Chordata
9455,Animalia,,Aves,Chordata
10558,Animalia,,Aves,Chordata
5513,Animalia,,Aves,Chordata
7394,Animalia,,Aves,Chordata
3753,Animalia,,Aves,Chordata
10997,Animalia,,Aves,Chordata
8722,Animalia,,Aves,Chordata
7135,Animalia,,Aves,Chordata
3587,Animalia,,Aves,Chordata
9409,Animalia,,Aves,Chordata
7905,Animalia,,Aves,Chordata
7601,Animalia,,Aves,Chordata
6642,Animalia,,Aves,Chordata
3087,Animalia,,Aves,Chordata
4704,Animalia,,Aves,Chordata
10772,Animalia,,Aves,Chordata
8157,Animalia,,Aves,Chordata
7958,Animalia,,Aves,Chordata
4451,Animalia,,Aves,Chordata
11108,Animalia,,Aves,Chordata
3086,Animalia,,Aves,Chordata
8753,Animalia,,Aves,Chordata
4450,Animalia,,Aves,Chordata
10967,Animalia,,Aves,Chordata
6446,Animalia,,Aves,Chordata
6543,Animalia,,Aves,Chordata
9778,Animalia,,Aves,Chordata
10315,Animalia,,Aves,Chordata
5863,Animalia,,Aves,Chordata
9169,Animalia,,Aves,Chordata
8416,Animalia,,Aves,Chordata
3085,Animalia,,Aves,Chordata
3020,Animalia,,Aves,Chordata
3736,Animalia,,Aves,Chordata
8339,Animalia,,Aves,Chordata
8710,Animalia,,Aves,Chordata
3219,Animalia,,Aves,Chordata
4319,Animalia,,Aves,Chordata
6455,Animalia,,Aves,Chordata
4031,Animalia,,Aves,Chordata
5776,Animalia,,Aves,Chordata
3463,Animalia,,Aves,Chordata
7715,Animalia,,Aves,Chordata
10784,Animalia,,Aves,Chordata
7538,Animalia,,Aves,Chordata
4913,Animalia,,Aves,Chordata
5223,Animalia,,Aves,Chordata
9402,Animalia,,Aves,Chordata
5243,Animalia,,Aves,Chordata
9069,Animalia,,Aves,Chordata
6027,Animalia,,Aves,Chordata
6608,Animalia,,Aves,Chordata
8412,Animalia,,Aves,Chordata
10573,Animalia,,Aves,Chordata
6924,Animalia,,Aves,Chordata
9006,Animalia,,Aves,Chordata
10910,Animalia,,Aves,Chordata
7696,Animalia,,Aves,Chordata
8314,Animalia,,Aves,Chordata
4383,Animalia,,Aves,Chordata
7499,Animalia,,Aves,Chordata
3397,Animalia,,Aves,Chordata
5069,Animalia,,Aves,Chordata
6946,Animalia,,Aves,Chordata
3473,Animalia,,Aves,Chordata
3450,Animalia,,Aves,Chordata
12316,Animalia,pennata,Aves,Chordata
7527,Animalia,,Aves,Chordata
9843,Animalia,,Aves,Chordata
6737,Animalia,,Aves,Chordata
8361,Animalia,,Aves,Chordata
7943,Animalia,,Aves,Chordata
8780,Animalia,,Aves,Chordata
6511,Animalia,,Aves,Chordata
9177,Animalia,,Aves,Chordata
3231,Animalia,,Aves,Chordata
5722,Animalia,,Aves,Chordata
3714,Animalia,,Aves,Chordata
3965,Animalia,,Aves,Chordata
3350,Animalia,,Aves,Chordata
5403,Animalia,,Aves,Chordata
6313,Animalia,,Aves,Chordata
3854,Animalia,,Aves,Chordata
8380,Animalia,,Aves,Chordata
5054,Animalia,,Aves,Chordata
7868,Animalia,,Aves,Chordata
7325,Animalia,,Aves,Chordata
9443,Animalia,,Aves,Chordata
3328,Animalia,,Aves,Chordata
8882,Animalia,,Aves,Chordata
4170,Animalia,,Aves,Chordata
10916,Animalia,,Aves,Chordata
6669,Animalia,,Aves,Chordata
9163,Animalia,,Aves,Chordata
10631,Animalia,,Aves,Chordata
4759,Animalia,,Aves,Chordata
4361,Animalia,,Aves,Chordata
3184,Animalia,,Aves,Chordata
8315,Animalia,,Aves,Chordata
5732,Animalia,,Aves,Chordata
4856,Animalia,,Aves,Chordata
10826,Animalia,,Aves,Chordata
3111,Animalia,,Aves,Chordata
4621,Animalia,,Aves,Chordata
10993,Animalia,,Aves,Chordata
5109,Animalia,,Aves,Chordata
4017,Animalia,,Aves,Chordata
8397,Animalia,,Aves,Chordata
4673,Animalia,,Aves,Chordata
8863,Animalia,,Aves,Chordata
3088,Animalia,,Aves,Chordata
9435,Animalia,,Aves,Chordata
5357,Animalia,,Aves,Chordata
11051,Animalia,,Aves,Chordata
9754,Animalia,,Aves,Chordata
3423,Animalia,,Aves,Chordata
9098,Animalia,,Aves,Chordata
3267,Animalia,,Aves,Chordata
5259,Animalia,,Aves,Chordata
4708,Animalia,,Aves,Chordata
9530,Animalia,,Aves,Chordata
7383,Animalia,,Aves,Chordata
3371,Animalia,,Aves,Chordata
10611,Animalia,,Aves,Chordata
9042,Animalia,,Aves,Chordata
3798,Animalia,,Aves,Chordata
4257,Animalia,,Aves,Chordata
4667,Animalia,,Aves,Chordata
7239,Animalia,,Aves,Chordata
10090,Animalia,,Reptilia,Chordata
12251,Animalia,apaporiensis,Reptilia,Chordata
5390,Animalia,,Reptilia,Chordata
10978,Animalia,,Reptilia,Chordata
9856,Animalia,,Reptilia,Chordata
10276,Animalia,,Reptilia,Chordata
6436,Animalia,,Reptilia,Chordata
11271,Animalia,,Reptilia,Chordata
7747,Animalia,,Reptilia,Chordata
9850,Animalia,,Reptilia,Chordata
68243,Animalia,,Reptilia,Chordata
68179,Animalia,,Reptilia,Chordata
68076,Animalia,,Reptilia,Chordata
68149,Animalia,,Reptilia,Chordata
68245,Animalia,,Reptilia,Chordata
68277,Animalia,,Reptilia,Chordata
9738,Animalia,,Reptilia,Chordata
12256,Animalia,charlesbogerti,Reptilia,Chordata
3950,Animalia,,Reptilia,Chordata
9222,Animalia,,Reptilia,Chordata
4515,Animalia,,Reptilia,Chordata
4404,Animalia,,Reptilia,Chordata
5031,Animalia,,Reptilia,Chordata
11046,Animalia,,Reptilia,Chordata
8208,Animalia,,Reptilia,Chordata
10819,Animalia,,Reptilia,Chordata
4586,Animalia,,Reptilia,Chordata
10177,Animalia,,Reptilia,Chordata
9406,Animalia,,Reptilia,Chordata
6998,Animalia,,Reptilia,Chordata
10430,Animalia,,Reptilia,Chordata
6212,Animalia,,Reptilia,Chordata
9034,Animalia,,Reptilia,Chordata
6073,Animalia,,Reptilia,Chordata
10420,Animalia,,Reptilia,Chordata
4712,Animalia,,Reptilia,Chordata
4863,Animalia,,Reptilia,Chordata
9762,Animalia,,Reptilia,Chordata
65728,Animalia,,Reptilia,Chordata
65729,Animalia,,Reptilia,Chordata
65730,Animalia,,Reptilia,Chordata
9493,Animalia,,Reptilia,Chordata
3731,Animalia,,Reptilia,Chordata
10820,Animalia,,Reptilia,Chordata
9495,Animalia,,Reptilia,Chordata
8534,Animalia,,Reptilia,Chordata
12244,Animalia,occidentalis,Reptilia,Chordata
10494,Animalia,,Reptilia,Chordata
10252,Animalia,,Reptilia,Chordata
6147,Animalia,,Reptilia,Chordata
3596,Animalia,,Reptilia,Chordata
10725,Animalia,,Reptilia,Chordata
9563,Animalia,,Reptilia,Chordata
8623,Animalia,,Reptilia,Chordata
6193,Animalia,,Reptilia,Chordata
8975,Animalia,,Reptilia,Chordata
4978,Animalia,,Reptilia,Chordata
6991,Animalia,,Reptilia,Chordata
8269,Animalia,,Reptilia,Chordata
10652,Animalia,,Reptilia,Chordata
4848,Animalia,,Reptilia,Chordata
8685,Animalia,,Reptilia,Chordata
6484,Animalia,,Reptilia,Chordata
3535,Animalia,,Reptilia,Chordata
8187,Animalia,,Reptilia,Chordata
8896,Animalia,,Reptilia,Chordata
8915,Animalia,,Reptilia,Chordata
9763,Animalia,,Reptilia,Chordata
8923,Animalia,,Reptilia,Chordata
5767,Animalia,,Reptilia,Chordata
3622,Animalia,,Reptilia,Chordata
5724,Animalia,,Reptilia,Chordata
7280,Animalia,,Reptilia,Chordata
8875,Animalia,,Reptilia,Chordata
7924,Animalia,,Reptilia,Chordata
36391,Animalia,,Reptilia,Chordata
3490,Animalia,,Reptilia,Chordata
3938,Animalia,,Reptilia,Chordata
11213,Animalia,,Reptilia,Chordata
5425,Animalia,,Reptilia,Chordata
68343,Animalia,,Reptilia,Chordata
10452,Animalia,,Reptilia,Chordata
6754,Animalia,,Reptilia,Chordata
37326,Animalia,,Reptilia,Chordata
8583,Animalia,,Reptilia,Chordata
10505,Animalia,,Reptilia,Chordata
36856,Animalia,,Reptilia,Chordata
6199,Animalia,,Reptilia,Chordata
37824,Animalia,,Reptilia,Chordata
5952,Animalia,,Reptilia,Chordata
33411,Animalia,,Reptilia,Chordata
3292,Animalia,,Reptilia,Chordata
8475,Animalia,,Reptilia,Chordata
3740,Animalia,,Reptilia,Chordata
10038,Animalia,,Reptilia,Chordata
10894,Animalia,,Reptilia,Chordata
6213,Animalia,,Reptilia,Chordata
4969,Animalia,,Reptilia,Chordata
7166,Animalia,,Reptilia,Chordata
8802,Animalia,,Reptilia,Chordata
37098,Animalia,,Reptilia,Chordata
34181,Animalia,,Reptilia,Chordata
9291,Animalia,,Reptilia,Chordata
4014,Animalia,,Reptilia,Chordata
11250,Animalia,,Reptilia,Chordata
9774,Animalia,,Reptilia,Chordata
11264,Animalia,,Reptilia,Chordata
5113,Animalia,,Reptilia,Chordata
10836,Animalia,,Reptilia,Chordata
11071,Animalia,,Reptilia,Chordata
7257,Animalia,,Reptilia,Chordata
5004,Animalia,,Reptilia,Chordata
6938,Animalia,,Reptilia,Chordata
5246,Animalia,,Reptilia,Chordata
4062,Animalia,,Reptilia,Chordata
6028,Animalia,,Reptilia,Chordata
10803,Animalia,,Reptilia,Chordata
9223,Animalia,,Reptilia,Chordata
10814,Animalia,,Reptilia,Chordata
4446,Animalia,,Reptilia,Chordata
3924,Animalia,,Reptilia,Chordata
7856,Animalia,,Reptilia,Chordata
68360,Animalia,,Reptilia,Chordata
7148,Animalia,,Reptilia,Chordata
68362,Animalia,,Reptilia,Chordata
68363,Animalia,,Reptilia,Chordata
6626,Animalia,,Amphibia,Chordata
4162,Animalia,,Amphibia,Chordata
4779,Animalia,,Amphibia,Chordata
9758,Animalia,,Amphibia,Chordata
68384,Animalia,,Amphibia,Chordata
7380,Animalia,,Amphibia,Chordata
4590,Animalia,,Amphibia,Chordata
10869,Animalia,,Amphibia,Chordata
7222,Animalia,,Amphibia,Chordata
6151,Animalia,,Amphibia,Chordata
4739,Animalia,,Amphibia,Chordata
5353,Animalia,,Amphibia,Chordata
9808,Animalia,,Amphibia,Chordata
4840,Animalia,,Amphibia,Chordata
4492,Animalia,,Amphibia,Chordata
5684,Animalia,,Amphibia,Chordata
4158,Animalia,,Amphibia,Chordata
10457,Animalia,,Amphibia,Chordata
9190,Animalia,,Amphibia,Chordata
10416,Animalia,,Amphibia,Chordata
5050,Animalia,,Amphibia,Chordata
5651,Animalia,,Amphibia,Chordata
5654,Animalia,,Amphibia,Chordata
9404,Animalia,,Amphibia,Chordata
4839,Animalia,,Amphibia,Chordata
5968,Animalia,,Amphibia,Chordata
9023,Animalia,,Amphibia,Chordata
6462,Animalia,,Amphibia,Chordata
10918,Animalia,,Amphibia,Chordata
4648,Animalia,,Amphibia,Chordata
5728,Animalia,,Amphibia,Chordata
10462,Animalia,,Amphibia,Chordata
4732,Animalia,,Amphibia,Chordata
10094,Animalia,,Amphibia,Chordata
8162,Animalia,,Amphibia,Chordata
8578,Animalia,,Amphibia,Chordata
5972,Animalia,,Amphibia,Chordata
7084,Animalia,,Amphibia,Chordata
9239,Animalia,,Amphibia,Chordata
6078,Animalia,,Amphibia,Chordata
10619,Animalia,,Amphibia,Chordata
3814,Animalia,,Amphibia,Chordata
4231,Animalia,,Amphibia,Chordata
7728,Animalia,,Amphibia,Chordata
3613,Animalia,,Amphibia,Chordata
9053,Animalia,,Amphibia,Chordata
6456,Animalia,,Amphibia,Chordata
9014,Animalia,,Amphibia,Chordata
4063,Animalia,,Amphibia,Chordata
3513,Animalia,,Amphibia,Chordata
8460,Animalia,,Amphibia,Chordata
5208,Animalia,,Amphibia,Chordata
10056,Animalia,,Amphibia,Chordata
4699,Animalia,,Amphibia,Chordata
9783,Animalia,,Amphibia,Chordata
9238,Animalia,,Amphibia,Chordata
7505,Animalia,,Amphibia,Chordata
9978,Animalia,,Amphibia,Chordata
5479,Animalia,,Amphibia,Chordata
11208,Animalia,,Amphibia,Chordata
7387,Animalia,,Amphibia,Chordata
5073,Animalia,,Amphibia,Chordata
9411,Animalia,,Amphibia,Chordata
3197,Animalia,,Amphibia,Chordata
9487,Animalia,,Amphibia,Chordata
6129,Animalia,,Amphibia,Chordata
9596,Animalia,,Amphibia,Chordata
8305,Animalia,,Amphibia,Chordata
6785,Animalia,,Amphibia,Chordata
4826,Animalia,,Amphibia,Chordata
7176,Animalia,,Amphibia,Chordata
3629,Animalia,,Amphibia,Chordata
7595,Animalia,,Amphibia,Chordata
5993,Animalia,,Amphibia,Chordata
9003,Animalia,,Amphibia,Chordata
7154,Animalia,,Amphibia,Chordata
7076,Animalia,,Amphibia,Chordata
9900,Animalia,,Amphibia,Chordata
11170,Animalia,,Amphibia,Chordata
10176,Animalia,,Amphibia,Chordata
4099,Animalia,,Amphibia,Chordata
4544,Animalia,,Amphibia,Chordata
6947,Animalia,,Amphibia,Chordata
7932,Animalia,,Amphibia,Chordata
10459,Animalia,,Amphibia,Chordata
10198,Animalia,,Amphibia,Chordata
9844,Animalia,,Amphibia,Chordata
10385,Animalia,,Amphibia,Chordata
6127,Animalia,,Amphibia,Chordata
9925,Animalia,,Amphibia,Chordata
3498,Animalia,,Amphibia,Chordata
7714,Animalia,,Amphibia,Chordata
8762,Animalia,,Amphibia,Chordata
9782,Animalia,,Amphibia,Chordata
4080,Animalia,,Amphibia,Chordata
4707,Animalia,,Amphibia,Chordata
7458,Animalia,,Amphibia,Chordata
3980,Animalia,,Amphibia,Chordata
7407,Animalia,,Amphibia,Chordata
5221,Animalia,,Amphibia,Chordata
9748,Animalia,,Amphibia,Chordata
4879,Animalia,,Amphibia,Chordata
10792,Animalia,,Amphibia,Chordata
5702,Animalia,,Amphibia,Chordata
68002,Animalia,,Amphibia,Chordata
67979,Animalia,,Elasmobranchii,Chordata
3712,Animalia,,Elasmobranchii,Chordata
6544,Animalia,,Elasmobranchii,Chordata
9171,Animalia,,Elasmobranchii,Chordata
5456,Animalia,,Elasmobranchii,Chordata
5323,Animalia,,Elasmobranchii,Chordata
11210,Animalia,,Elasmobranchii,Chordata
11266,Animalia,,Elasmobranchii,Chordata
11277,Animalia,,Elasmobranchii,Chordata
68491,Animalia,,Elasmobranchii,Chordata
68492,Animalia,,Elasmobranchii,Chordata
68484,Animalia,,Elasmobranchii,Chordata
68476,Animalia,,Elasmobranchii,Chordata
68485,Animalia,,Elasmobranchii,Chordata
68486,Animalia,,Elasmobranchii,Chordata
68487,Animalia,,Elasmobranchii,Chordata
68493,Animalia,,Elasmobranchii,Chordata
68494,Animalia,,Elasmobranchii,Chordata
68488,Animalia,,Elasmobranchii,Chordata
68495,Animalia,,Elasmobranchii,Chordata
68477,Animalia,,Elasmobranchii,Chordata
68489,Animalia,,Elasmobranchii,Chordata
68496,Animalia,,Elasmobranchii,Chordata
68497,Animalia,,Elasmobranchii,Chordata
68480,Animalia,,Elasmobranchii,Chordata
68481,Animalia,,Elasmobranchii,Chordata
68490,Animalia,,Elasmobranchii,Chordata
68498,Animalia,,Elasmobranchii,Chordata
68482,Animalia,,Elasmobranchii,Chordata
6257,Animalia,,Elasmobranchii,Chordata
3592,Animalia,,Elasmobranchii,Chordata
7411,Animalia,,Elasmobranchii,Chordata
6417,Animalia,,Elasmobranchii,Chordata
9244,Animalia,,Holothuroidea,Echinodermata
5989,Animalia,,Arachnida,Arthropoda
10362,Animalia,,Arachnida,Arthropoda
5829,Animalia,,Arachnida,Arthropoda
9208,Animalia,,Arachnida,Arthropoda
5382,Animalia,,Arachnida,Arthropoda
4872,Animalia,,Arachnida,Arthropoda
5770,Animalia,,Insecta,Arthropoda
12161,Animalia,boliviensis,Insecta,Arthropoda
12336,Animalia,lachaumei,Insecta,Arthropoda
12339,Animalia,buckleyana,Insecta,Arthropoda
6885,Animalia,,Insecta,Arthropoda
3317,Animalia,,Bivalvia,Mollusca
9310,Animalia,,Gastropoda,Mollusca
68284,Animalia,,Gastropoda,Mollusca
68282,Animalia,,Gastropoda,Mollusca
68306,Animalia,,Gastropoda,Mollusca
68304,Animalia,,Gastropoda,Mollusca
68084,Animalia,,Gastropoda,Mollusca
68051,Animalia,,Gastropoda,Mollusca
9174,Animalia,,Anthozoa,Cnidaria
8959,Animalia,,Anthozoa,Cnidaria
3776,Animalia,,Anthozoa,Cnidaria
10837,Animalia,,Anthozoa,Cnidaria
7702,Animalia,,Anthozoa,Cnidaria
5470,Animalia,,Anthozoa,Cnidaria
4954,Animalia,,Anthozoa,Cnidaria
10740,Animalia,,Anthozoa,Cnidaria
9804,Animalia,,Anthozoa,Cnidaria
10268,Animalia,,Anthozoa,Cnidaria
6712,Animalia,,Anthozoa,Cnidaria
10937,Animalia,,Anthozoa,Cnidaria
10542,Animalia,,Anthozoa,Cnidaria
9225,Animalia,,Anthozoa,Cnidaria
3316,Animalia,,Anthozoa,Cnidaria
5087,Animalia,,Anthozoa,Cnidaria
9504,Animalia,,Anthozoa,Cnidaria
7438,Animalia,,Anthozoa,Cnidaria
9761,Animalia,,Anthozoa,Cnidaria
8346,Animalia,,Anthozoa,Cnidaria
5071,Animalia,,Anthozoa,Cnidaria
7250,Animalia,,Anthozoa,Cnidaria
9364,Animalia,,Anthozoa,Cnidaria
10390,Animalia,,Anthozoa,Cnidaria
6380,Animalia,,Anthozoa,Cnidaria
6699,Animalia,,Anthozoa,Cnidaria
8547,Animalia,,Anthozoa,Cnidaria
7477,Animalia,,Anthozoa,Cnidaria
8569,Animalia,,Anthozoa,Cnidaria
8326,Animalia,,Anthozoa,Cnidaria
4837,Animalia,,Anthozoa,Cnidaria
3802,Animalia,,Anthozoa,Cnidaria
9511,Animalia,,Anthozoa,Cnidaria
10258,Animalia,,Anthozoa,Cnidaria
7048,Animalia,,Anthozoa,Cnidaria
5253,Animalia,,Anthozoa,Cnidaria
6952,Animalia,,Anthozoa,Cnidaria
3501,Animalia,,Anthozoa,Cnidaria
7069,Animalia,,Anthozoa,Cnidaria
5765,Animalia,,Anthozoa,Cnidaria
7237,Animalia,,Anthozoa,Cnidaria
3260,Animalia,,Anthozoa,Cnidaria
7794,Animalia,,Anthozoa,Cnidaria
4700,Animalia,,Anthozoa,Cnidaria
4928,Animalia,,Anthozoa,Cnidaria
11233,Animalia,,Anthozoa,Cnidaria
5791,Animalia,,Anthozoa,Cnidaria
3624,Animalia,,Anthozoa,Cnidaria
6829,Animalia,,Anthozoa,Cnidaria
8134,Animalia,,Anthozoa,Cnidaria
7298,Animalia,,Anthozoa,Cnidaria
3594,Animalia,,Anthozoa,Cnidaria
9282,Animalia,,Anthozoa,Cnidaria
7047,Animalia,,Anthozoa,Cnidaria
7303,Animalia,,Anthozoa,Cnidaria
5528,Animalia,,Anthozoa,Cnidaria
3118,Animalia,,Anthozoa,Cnidaria
6520,Animalia,,Anthozoa,Cnidaria
10086,Animalia,,Anthozoa,Cnidaria
6909,Animalia,,Anthozoa,Cnidaria
9366,Animalia,,Anthozoa,Cnidaria
7131,Animalia,,Anthozoa,Cnidaria
9332,Animalia,,Anthozoa,Cnidaria
10644,Animalia,,Anthozoa,Cnidaria
9056,Animalia,,Anthozoa,Cnidaria
7829,Animalia,,Anthozoa,Cnidaria
9284,Animalia,,Anthozoa,Cnidaria
8090,Animalia,,Anthozoa,Cnidaria
10369,Animalia,,Anthozoa,Cnidaria
6820,Animalia,,Anthozoa,Cnidaria
5698,Animalia,,Anthozoa,Cnidaria
9067,Animalia,,Anthozoa,Cnidaria
9076,Animalia,,Anthozoa,Cnidaria
7531,Animalia,,Anthozoa,Cnidaria
10962,Animalia,,Anthozoa,Cnidaria
3618,Animalia,,Anthozoa,Cnidaria
9646,Animalia,,Anthozoa,Cnidaria
7324,Animalia,,Anthozoa,Cnidaria
5269,Animalia,,Anthozoa,Cnidaria
5756,Animalia,,Anthozoa,Cnidaria
6930,Animalia,,Anthozoa,Cnidaria
9338,Animalia,,Anthozoa,Cnidaria
4409,Animalia,,Anthozoa,Cnidaria
5807,Animalia,,Anthozoa,Cnidaria
5585,Animalia,,Anthozoa,Cnidaria
11127,Animalia,,Anthozoa,Cnidaria
8152,Animalia,,Anthozoa,Cnidaria
5808,Animalia,,Anthozoa,Cnidaria
9950,Animalia,,Anthozoa,Cnidaria
7511,Animalia,,Anthozoa,Cnidaria
8421,Animalia,,Anthozoa,Cnidaria
9012,Animalia,,Anthozoa,Cnidaria
9108,Animalia,,Anthozoa,Cnidaria
8253,Animalia,,Anthozoa,Cnidaria
11183,Animalia,,Anthozoa,Cnidaria
8453,Animalia,,Anthozoa,Cnidaria
5980,Animalia,,Anthozoa,Cnidaria
9585,Animalia,,Anthozoa,Cnidaria
3123,Animalia,,Anthozoa,Cnidaria
10719,Animalia,,Anthozoa,Cnidaria
11131,Animalia,,Anthozoa,Cnidaria
7044,Animalia,,Anthozoa,Cnidaria
8006,Animalia,,Anthozoa,Cnidaria
9257,Animalia,,Anthozoa,Cnidaria
5231,Animalia,,Anthozoa,Cnidaria
10135,Animalia,,Anthozoa,Cnidaria
6121,Animalia,,Anthozoa,Cnidaria
10341,Animalia,,Anthozoa,Cnidaria
3341,Animalia,,Anthozoa,Cnidaria
9869,Animalia,,Anthozoa,Cnidaria
4418,Animalia,,Anthozoa,Cnidaria
6342,Animalia,,Anthozoa,Cnidaria
11122,Animalia,,Anthozoa,Cnidaria
5207,Animalia,,Anthozoa,Cnidaria
10596,Animalia,,Anthozoa,Cnidaria
3540,Animalia,,Anthozoa,Cnidaria
6859,Animalia,,Anthozoa,Cnidaria
6273,Animalia,,Anthozoa,Cnidaria
5678,Animalia,,Anthozoa,Cnidaria
6951,Animalia,,Anthozoa,Cnidaria
3978,Animalia,,Anthozoa,Cnidaria
11225,Animalia,,Anthozoa,Cnidaria
10352,Animalia,,Anthozoa,Cnidaria
10511,Animalia,,Anthozoa,Cnidaria
10651,Animalia,,Anthozoa,Cnidaria
7805,Animalia,,Anthozoa,Cnidaria
6619,Animalia,,Anthozoa,Cnidaria
3420,Animalia,,Anthozoa,Cnidaria
7717,Animalia,,Anthozoa,Cnidaria
9158,Animalia,,Anthozoa,Cnidaria
3410,Animalia,,Anthozoa,Cnidaria
5986,Animalia,,Anthozoa,Cnidaria
9318,Animalia,,Anthozoa,Cnidaria
10771,Animalia,,Anthozoa,Cnidaria
6914,Animalia,,Anthozoa,Cnidaria
7686,Animalia,,Anthozoa,Cnidaria
4452,Animalia,,Anthozoa,Cnidaria
10834,Animalia,,Anthozoa,Cnidaria
4481,Animalia,,Anthozoa,Cnidaria
7418,Animalia,,Anthozoa,Cnidaria
7605,Animalia,,Anthozoa,Cnidaria
9963,Animalia,,Anthozoa,Cnidaria
7055,Animalia,,Anthozoa,Cnidaria
8811,Animalia,,Anthozoa,Cnidaria
8411,Animalia,,Anthozoa,Cnidaria
5514,Animalia,,Anthozoa,Cnidaria
11172,Animalia,,Anthozoa,Cnidaria
4663,Animalia,,Anthozoa,Cnidaria
7639,Animalia,,Anthozoa,Cnidaria
5612,Animalia,,Anthozoa,Cnidaria
3907,Animalia,,Anthozoa,Cnidaria
5040,Animalia,,Anthozoa,Cnidaria
4124,Animalia,,Anthozoa,Cnidaria
7064,Animalia,,Anthozoa,Cnidaria
4981,Animalia,,Anthozoa,Cnidaria
6188,Animalia,,Anthozoa,Cnidaria
6974,Animalia,,Anthozoa,Cnidaria
4903,Animalia,,Anthozoa,Cnidaria
8678,Animalia,,Anthozoa,Cnidaria
8937,Animalia,,Anthozoa,Cnidaria
9962,Animalia,,Anthozoa,Cnidaria
9666,Animalia,,Anthozoa,Cnidaria
9226,Animalia,,Anthozoa,Cnidaria
3560,Animalia,,Anthozoa,Cnidaria
3449,Animalia,,Anthozoa,Cnidaria
5822,Animalia,,Anthozoa,Cnidaria
3671,Animalia,,Anthozoa,Cnidaria
6899,Animalia,,Anthozoa,Cnidaria
5835,Animalia,,Anthozoa,Cnidaria
4213,Animalia,,Anthozoa,Cnidaria
7196,Animalia,,Anthozoa,Cnidaria
6005,Animalia,,Anthozoa,Cnidaria
3665,Animalia,,Anthozoa,Cnidaria
7125,Animalia,,Anthozoa,Cnidaria
6232,Animalia,,Anthozoa,Cnidaria
3241,Animalia,,Anthozoa,Cnidaria
8672,Animalia,,Anthozoa,Cnidaria
8767,Animalia,,Anthozoa,Cnidaria
10175,Animalia,,Anthozoa,Cnidaria
7351,Animalia,,Anthozoa,Cnidaria
10980,Animalia,,Anthozoa,Cnidaria
3287,Animalia,,Anthozoa,Cnidaria
9832,Animalia,,Anthozoa,Cnidaria
5752,Animalia,,Anthozoa,Cnidaria
4959,Animalia,,Anthozoa,Cnidaria
9685,Animalia,,Anthozoa,Cnidaria
10043,Animalia,,Anthozoa,Cnidaria
7568,Animalia,,Anthozoa,Cnidaria
3580,Animalia,,Anthozoa,Cnidaria
8635,Animalia,,Anthozoa,Cnidaria
6316,Animalia,,Anthozoa,Cnidaria
10546,Animalia,,Anthozoa,Cnidaria
3898,Animalia,,Anthozoa,Cnidaria
4550,Animalia,,Anthozoa,Cnidaria
9035,Animalia,,Anthozoa,Cnidaria
10172,Animalia,,Anthozoa,Cnidaria
9111,Animalia,,Anthozoa,Cnidaria
7780,Animalia,,Anthozoa,Cnidaria
10025,Animalia,,Anthozoa,Cnidaria
5699,Animalia,,Anthozoa,Cnidaria
9536,Animalia,,Anthozoa,Cnidaria
10736,Animalia,,Anthozoa,Cnidaria
7281,Animalia,,Anthozoa,Cnidaria
7600,Animalia,,Anthozoa,Cnidaria
9153,Animalia,,Anthozoa,Cnidaria
10324,Animalia,,Anthozoa,Cnidaria
4141,Animalia,,Anthozoa,Cnidaria
7657,Animalia,,Anthozoa,Cnidaria
6076,Animalia,,Anthozoa,Cnidaria
10270,Animalia,,Anthozoa,Cnidaria
9971,Animalia,,Anthozoa,Cnidaria
7244,Animalia,,Anthozoa,Cnidaria
3329,Animalia,,Anthozoa,Cnidaria
6867,Animalia,,Anthozoa,Cnidaria
6939,Animalia,,Anthozoa,Cnidaria
9061,Animalia,,Anthozoa,Cnidaria
5180,Animalia,,Anthozoa,Cnidaria
8388,Animalia,,Anthozoa,Cnidaria
11134,Animalia,,Anthozoa,Cnidaria
10845,Animalia,,Anthozoa,Cnidaria
4255,Animalia,,Anthozoa,Cnidaria
5780,Animalia,,Anthozoa,Cnidaria
9724,Animalia,,Anthozoa,Cnidaria
5228,Animalia,,Anthozoa,Cnidaria
7662,Animalia,,Anthozoa,Cnidaria
4806,Animalia,,Anthozoa,Cnidaria
4186,Animalia,,Anthozoa,Cnidaria
8169,Animalia,,Anthozoa,Cnidaria
3216,Animalia,,Anthozoa,Cnidaria
4597,Animalia,,Anthozoa,Cnidaria
8748,Animalia,,Anthozoa,Cnidaria
8440,Animalia,,Anthozoa,Cnidaria
3367,Animalia,,Anthozoa,Cnidaria
11015,Animalia,,Anthozoa,Cnidaria
10114,Animalia,,Anthozoa,Cnidaria
6928,Animalia,,Anthozoa,Cnidaria
3296,Animalia,,Anthozoa,Cnidaria
4405,Animalia,,Anthozoa,Cnidaria
4742,Animalia,,Anthozoa,Cnidaria
3337,Animalia,,Anthozoa,Cnidaria
8112,Animalia,,Anthozoa,Cnidaria
9247,Animalia,,Anthozoa,Cnidaria
3615,Animalia,,Anthozoa,Cnidaria
8433,Animalia,,Anthozoa,Cnidaria
5617,Animalia,,Anthozoa,Cnidaria
9019,Animalia,,Anthozoa,Cnidaria
8590,Animalia,,Anthozoa,Cnidaria
4297,Animalia,,Anthozoa,Cnidaria
8081,Animalia,,Anthozoa,Cnidaria
7425,Animalia,,Anthozoa,Cnidaria
7129,Animalia,,Anthozoa,Cnidaria
10735,Animalia,,Anthozoa,Cnidaria
7285,Animalia,,Anthozoa,Cnidaria
8956,Animalia,,Anthozoa,Cnidaria
7054,Animalia,,Anthozoa,Cnidaria
6890,Animalia,,Anthozoa,Cnidaria
3843,Animalia,,Anthozoa,Cnidaria
10344,Animalia,,Anthozoa,Cnidaria
7404,Animalia,,Anthozoa,Cnidaria
4993,Animalia,,Anthozoa,Cnidaria
8073,Animalia,,Anthozoa,Cnidaria
6849,Animalia,,Anthozoa,Cnidaria
3489,Animalia,,Anthozoa,Cnidaria
9186,Animalia,,Anthozoa,Cnidaria
5856,Animalia,,Anthozoa,Cnidaria
7825,Animalia,,Anthozoa,Cnidaria
3556,Animalia,,Anthozoa,Cnidaria
8498,Animalia,,Anthozoa,Cnidaria
7920,Animalia,,Anthozoa,Cnidaria
4402,Animalia,,Anthozoa,Cnidaria
7357,Animalia,,Anthozoa,Cnidaria
5568,Animalia,,Anthozoa,Cnidaria
7776,Animalia,,Anthozoa,Cnidaria
5691,Animalia,,Anthozoa,Cnidaria
8936,Animalia,,Anthozoa,Cnidaria
9228,Animalia,,Anthozoa,Cnidaria
7584,Animalia,,Anthozoa,Cnidaria
10463,Animalia,,Anthozoa,Cnidaria
7942,Animalia,,Anthozoa,Cnidaria
8479,Animalia,,Anthozoa,Cnidaria
10512,Animalia,,Anthozoa,Cnidaria
6017,Animalia,,Anthozoa,Cnidaria
11217,Animalia,,Anthozoa,Cnidaria
6218,Animalia,,Anthozoa,Cnidaria
5611,Animalia,,Anthozoa,Cnidaria
5364,Animalia,,Anthozoa,Cnidaria
4558,Animalia,,Anthozoa,Cnidaria
6742,Animalia,,Anthozoa,Cnidaria
10196,Animalia,,Anthozoa,Cnidaria
8155,Animalia,,Anthozoa,Cnidaria
5474,Animalia,,Anthozoa,Cnidaria
4226,Animalia,,Anthozoa,Cnidaria
5817,Animalia,,Anthozoa,Cnidaria
11216,Animalia,,Anthozoa,Cnidaria
4823,Animalia,,Anthozoa,Cnidaria
3405,Animalia,,Anthozoa,Cnidaria
10753,Animalia,,Anthozoa,Cnidaria
6043,Animalia,,Anthozoa,Cnidaria
11115,Animalia,,Anthozoa,Cnidaria
10287,Animalia,,Anthozoa,Cnidaria
7433,Animalia,,Anthozoa,Cnidaria
8726,Animalia,,Anthozoa,Cnidaria
5330,Animalia,,Anthozoa,Cnidaria
4321,Animalia,,Anthozoa,Cnidaria
9570,Animalia,,Anthozoa,Cnidaria
4218,Animalia,,Anthozoa,Cnidaria
5902,Animalia,,Anthozoa,Cnidaria
10391,Animalia,,Anthozoa,Cnidaria
7007,Animalia,,Anthozoa,Cnidaria
5240,Animalia,,Anthozoa,Cnidaria
10329,Animalia,,Anthozoa,Cnidaria
3923,Animalia,,Anthozoa,Cnidaria
8641,Animalia,,Anthozoa,Cnidaria
8303,Animalia,,Anthozoa,Cnidaria
11222,Animalia,,Anthozoa,Cnidaria
6329,Animalia,,Anthozoa,Cnidaria
8467,Animalia,,Anthozoa,Cnidaria
7841,Animalia,,Anthozoa,Cnidaria
4672,Animalia,,Anthozoa,Cnidaria
7547,Animalia,,Anthozoa,Cnidaria
6906,Animalia,,Anthozoa,Cnidaria
6857,Animalia,,Anthozoa,Cnidaria
8990,Animalia,,Anthozoa,Cnidaria
6344,Animalia,,Anthozoa,Cnidaria
9322,Animalia,,Anthozoa,Cnidaria
9393,Animalia,,Anthozoa,Cnidaria
9005,Animalia,,Anthozoa,Cnidaria
10429,Animalia,,Anthozoa,Cnidaria
5217,Animalia,,Anthozoa,Cnidaria
10366,Animalia,,Anthozoa,Cnidaria
7995,Animalia,,Anthozoa,Cnidaria
11123,Animalia,,Anthozoa,Cnidaria
4219,Animalia,,Anthozoa,Cnidaria
7775,Animalia,,Anthozoa,Cnidaria
11092,Animalia,,Anthozoa,Cnidaria
9070,Animalia,,Anthozoa,Cnidaria
8250,Animalia,,Anthozoa,Cnidaria
4228,Animalia,,Anthozoa,Cnidaria
5689,Animalia,,Anthozoa,Cnidaria
10763,Animalia,,Anthozoa,Cnidaria
3268,Animalia,,Anthozoa,Cnidaria
3056,Animalia,,Anthozoa,Cnidaria
9241,Animalia,,Anthozoa,Cnidaria
7785,Animalia,,Anthozoa,Cnidaria
10470,Animalia,,Anthozoa,Cnidaria
4701,Animalia,,Hydrozoa,Cnidaria
7726,Animalia,,Hydrozoa,Cnidaria
5502,Animalia,,Hydrozoa,Cnidaria
10213,Animalia,,Hydrozoa,Cnidaria
10238,Animalia,,Hydrozoa,Cnidaria
3711,Animalia,,Hydrozoa,Cnidaria
8016,Animalia,,Hydrozoa,Cnidaria
5912,Animalia,,Hydrozoa,Cnidaria
10981,Animalia,,Hydrozoa,Cnidaria
3779,Animalia,,Hydrozoa,Cnidaria
4784,Animalia,,Hydrozoa,Cnidaria
4103,Animalia,,Hydrozoa,Cnidaria
8504,Animalia,,Hydrozoa,Cnidaria
7367,Animalia,,Hydrozoa,Cnidaria
6682,Animalia,,Hydrozoa,Cnidaria
4271,Animalia,,Hydrozoa,Cnidaria
4560,Animalia,,Hydrozoa,Cnidaria
3891,Animalia,,Hydrozoa,Cnidaria
6100,Animalia,,Hydrozoa,Cnidaria
4862,Animalia,,Hydrozoa,Cnidaria
8123,Animalia,,Hydrozoa,Cnidaria
6705,Animalia,,Hydrozoa,Cnidaria
3943,Animalia,,Hydrozoa,Cnidaria
7459,Animalia,,Hydrozoa,Cnidaria
5563,Animalia,,Hydrozoa,Cnidaria
5065,Animalia,,Hydrozoa,Cnidaria
9051,Animalia,,Hydrozoa,Cnidaria
8558,Animalia,,Hydrozoa,Cnidaria
10488,Animalia,,Hydrozoa,Cnidaria
10547,Animalia,,Hydrozoa,Cnidaria
8894,Animalia,,Hydrozoa,Cnidaria
5789,Animalia,,Hydrozoa,Cnidaria
3386,Animalia,,Hydrozoa,Cnidaria
5201,Animalia,,Hydrozoa,Cnidaria
4358,Animalia,,Hydrozoa,Cnidaria
6761,Animalia,,Hydrozoa,Cnidaria
6400,Animalia,,Hydrozoa,Cnidaria
6636,Animalia,,Hydrozoa,Cnidaria
10931,Animalia,,Hydrozoa,Cnidaria
8234,Animalia,,Hydrozoa,Cnidaria
3817,Animalia,,Hydrozoa,Cnidaria
7753,Animalia,,Hydrozoa,Cnidaria
8979,Animalia,,Hydrozoa,Cnidaria
8218,Animalia,,Hydrozoa,Cnidaria
8260,Animalia,,Hydrozoa,Cnidaria
4543,Animalia,,Hydrozoa,Cnidaria
5978,Animalia,,Hydrozoa,Cnidaria
9975,Animalia,,Hydrozoa,Cnidaria
8565,Animalia,,Hydrozoa,Cnidaria
9985,Animalia,,Hydrozoa,Cnidaria
7501,Animalia,,Hydrozoa,Cnidaria
7437,Animalia,,Hydrozoa,Cnidaria
4266,Animalia,,Hydrozoa,Cnidaria
8365,Animalia,,Hydrozoa,Cnidaria
3214,Animalia,,Hydrozoa,Cnidaria
8408,Animalia,,Hydrozoa,Cnidaria
9471,Animalia,,Hydrozoa,Cnidaria
10830,Animalia,,Hydrozoa,Cnidaria
3018,Animalia,,Hydrozoa,Cnidaria
8428,Animalia,,Hydrozoa,Cnidaria
8696,Animalia,,Hydrozoa,Cnidaria
10911,Animalia,,Hydrozoa,Cnidaria
8033,Animalia,,Hydrozoa,Cnidaria
11234,Animalia,,Hydrozoa,Cnidaria
5236,Animalia,,Hydrozoa,Cnidaria
4525,Animalia,,Hydrozoa,Cnidaria
6256,Animalia,,Hydrozoa,Cnidaria
6317,Animalia,,Hydrozoa,Cnidaria
10572,Animalia,,Hydrozoa,Cnidaria
7793,Animalia,,Hydrozoa,Cnidaria
3347,Animalia,,Hydrozoa,Cnidaria
