id_cientificname,Scientific Name
2,Arapaima gigas
3,Hippocampus erectus
4,Hippocampus ingens
5,Hippocampus patagonicus
6,Hippocampus reidi
7,Hippocampus zosterae
8,Antilope cervicapra
9,Lama guanicoe
10,Vicugna vicugna
11,Blastocerus dichotomus
12,Hippocamelus antisensis
13,Hippocamelus bisulcus
14,Mazama temama cerasina
15,Odocoileus virginianus mayensis
16,Ozotoceros bezoarticus
17,Pudu mephistophiles
18,Pudu puda
19,Catagonus wagneri
20,Pecari tajacu
21,Tayassu pecari
22,Cerdocyon thous
23,Chrysocyon brachyurus
24,Lycalopex culpaeus
25,Lycalopex fulvipes
26,Lycalopex griseus
27,Lycalopex gymnocercus
28,Speothos venaticus
29,Leopardus braccatus
30,Leopardus colocolo
31,Leopardus geoffroyi
32,Leopardus guigna
33,Leopardus jacobitus
34,Leopardus pajeros
35,Leopardus pardalis
36,Leopardus tigrinus
37,Leopardus wiedii
38,Panthera onca
39,Puma concolor
40,Puma concolor costaricensis
41,Puma concolor couguar
42,Puma yagouaroundi
43,Herpestes javanicus
44,Herpestes javanicus auropunctatus
45,Conepatus humboldtii
46,Lontra felina
47,Lontra longicaudis
48,Lontra provocax
49,Pteronura brasiliensis
50,Eira barbara
51,Galictis vittata
52,Arctocephalus australis
53,Arctocephalus galapagoensis
54,Arctocephalus gazella
55,Arctocephalus philippii
56,Arctocephalus tropicalis
57,Mirounga leonina
58,Monachus tropicalis
59,Bassaricyon gabbii
60,Bassariscus sumichrasti
61,Nasua narica
62,Nasua nasua solitaria
63,Potos flavus
64,Tremarctos ornatus
65,Eubalaena australis
66,Eubalaena glacialis
67,Balaenoptera acutorostrata
68,Balaenoptera bonaerensis
69,Balaenoptera borealis
70,Balaenoptera edeni
71,Balaenoptera musculus
72,Balaenoptera physalus
73,Megaptera novaeangliae
74,Cephalorhynchus commersonii
75,Cephalorhynchus eutropia
76,Delphinus capensis
77,Delphinus delphis
78,Feresa attenuata
79,Globicephala macrorhynchus
80,Globicephala melas
81,Grampus griseus
82,Lagenodelphis hosei
83,Lagenorhynchus australis
84,Lagenorhynchus cruciger
85,Lagenorhynchus obscurus
86,Lissodelphis peronii
87,Orcinus orca
88,Peponocephala electra
89,Pseudorca crassidens
90,Sotalia fluviatilis
91,Sotalia guianensis
92,Stenella attenuata
93,Stenella clymene
94,Stenella coeruleoalba
95,Stenella frontalis
96,Stenella longirostris
97,Steno bredanensis
98,Tursiops truncatus
99,Inia geoffrensis
100,Pontoporia blainvillei
101,Caperea marginata
102,Phocoena dioptrica
103,Phocoena spinipinnis
104,Kogia breviceps
105,Kogia sima
106,Physeter macrocephalus
107,Berardius arnuxii
108,Hyperoodon planifrons
109,Mesoplodon bowdoini
110,Mesoplodon densirostris
111,Mesoplodon europaeus
112,Mesoplodon ginkgodens
113,Mesoplodon grayi
114,Mesoplodon hectori
115,Mesoplodon hotaula
116,Mesoplodon layardii
117,Mesoplodon mirus
118,Mesoplodon peruvianus
119,Mesoplodon traversii
120,Tasmacetus shepherdi
121,Ziphius cavirostris
122,Platyrrhinus lineatus
123,Cabassous centralis
124,Cabassous tatouay
125,Chaetophractus nationi
126,Priodontes maximus
127,Tapirus bairdii
128,Tapirus pinchaque
129,Tapirus terrestris
130,Bradypus pygmaeus
131,Bradypus variegatus
132,Choloepus hoffmanni
133,Myrmecophaga tridactyla
134,Tamandua mexicana
135,Aotus azarae
136,Aotus hershkovitzi
137,Aotus jorgehernandezi
138,Aotus lemurinus
139,Aotus miconax
140,Aotus nancymaae
141,Aotus nigriceps
142,Aotus trivirgatus
143,Aotus vociferans
144,Alouatta belzebul
145,Alouatta caraya
146,Alouatta coibensis
147,Alouatta guariba
148,Alouatta macconnelli
149,Alouatta nigerrima
150,Alouatta palliata
151,Alouatta pigra
152,Alouatta sara
153,Alouatta seniculus
154,Ateles belzebuth
155,Ateles chamek
156,Ateles fusciceps
157,Ateles geoffroyi
158,Ateles geoffroyi frontatus
159,Ateles geoffroyi ornatus
160,Ateles hybridus
161,Ateles marginatus
162,Ateles paniscus
163,Brachyteles arachnoides
164,Brachyteles hypoxanthus
165,Lagothrix cana
166,Lagothrix lagotricha
167,Lagothrix lugens
168,Lagothrix poeppigii
169,Oreonax flavicauda
170,Callimico goeldii
171,Callithrix acariensis
172,Callithrix argentata
173,Callithrix aurita
174,Callithrix chrysoleuca
175,Callithrix emiliae
176,Callithrix flaviceps
177,Callithrix geoffroyi
178,Callithrix humeralifera
179,Callithrix humilis
180,Callithrix intermedia
181,Callithrix jacchus
182,Callithrix kuhlii
183,Callithrix leucippe
184,Callithrix manicorensis
185,Callithrix marcai
186,Callithrix mauesi
187,Callithrix melanura
188,Callithrix nigriceps
189,Callithrix penicillata
190,Callithrix pygmaea
191,Callithrix saterei
192,Cebus albifrons
193,Cebus apella
194,Cebus capucinus
195,Cebus flavius
196,Cebus kaapori
197,Cebus libidinosus
198,Cebus nigritus
199,Cebus olivaceus
200,Cebus xanthosternos
201,Leontopithecus caissara
202,Leontopithecus chrysomelas
203,Leontopithecus chrysopygus
204,Leontopithecus rosalia
205,Mico rondoni
206,Saguinus bicolor
207,Saguinus fuscicollis
208,Saguinus geoffroyi
209,Saguinus graellsi
210,Saguinus imperator
211,Saguinus inustus
212,Saguinus labiatus
213,Saguinus leucopus
214,Saguinus martinsi
215,Saguinus melanoleucus
216,Saguinus midas
217,Saguinus mystax
218,Saguinus niger
219,Saguinus nigricollis
220,Saguinus oedipus
221,Saguinus pileatus
222,Saguinus tripartitus
223,Saguinus ursulus
224,Saimiri boliviensis
225,Saimiri collinsi
226,Saimiri oerstedii
227,Saimiri sciureus
228,Saimiri ustus
229,Saimiri vanzolinii
230,Cercopithecus mona
231,Chlorocebus sabaeus
232,Cacajao calvus
233,Cacajao melanocephalus
234,Cacajao oukary
235,Callicebus aureipalatii
236,Callicebus baptista
237,Callicebus barbarabrownae
238,Callicebus bernhardi
239,Callicebus brunneus
240,Callicebus caligatus
241,Callicebus caquetensis
242,Callicebus cinerascens
243,Callicebus coimbrai
244,Callicebus cupreus
245,Callicebus discolor
246,Callicebus donacophilus
247,Callicebus dubius
248,Callicebus hoffmannsi
249,Callicebus lucifer
250,Callicebus lugens
251,Callicebus medemi
252,Callicebus melanochir
253,Callicebus modestus
254,Callicebus moloch
255,Callicebus nigrifrons
256,Callicebus oenanthe
257,Callicebus olallae
258,Callicebus ornatus
259,Callicebus pallescens
260,Callicebus personatus
261,Callicebus purinus
262,Callicebus regulus
263,Callicebus stephennashi
264,Callicebus torquatus
265,Chiropotes albinasus
266,Chiropotes chiropotes
267,Chiropotes israelita
268,Chiropotes satanas
269,Chiropotes utahickae
270,Pithecia aequatorialis
271,Pithecia albicans
272,Pithecia chrysocephala
273,Pithecia hirsuta
274,Pithecia inusta
275,Pithecia irrorata
276,Pithecia milleri
277,Pithecia monachus
278,Pithecia napensis
279,Pithecia pithecia
280,Pithecia vanzolinii
281,Chinchilla chinchilla
282,Chinchilla lanigera
283,Cuniculus paca
284,Dasyprocta punctata
285,Sphiggurus mexicanus
286,Sphiggurus spinosus
287,Sciurus deppei
288,Trichechus inunguis
289,Trichechus manatus
290,Coscoroba coscoroba
291,Cygnus melancoryphus
292,Dendrocygna arborea
293,Dendrocygna autumnalis
294,Dendrocygna bicolor
295,Sarkidiornis melanotos
296,Abeillia abeillei
297,Adelomyia melanogenys
298,Aglaeactis aliciae
299,Aglaeactis castelnaudii
300,Aglaeactis cupripennis
301,Aglaeactis pamela
302,Aglaiocercus coelestis
303,Aglaiocercus kingi
304,Amazilia alticola
305,Amazilia amabilis
306,Amazilia amazilia
307,Amazilia beryllina
308,Amazilia boucardi
309,Amazilia brevirostris
310,Amazilia candida
311,Amazilia castaneiventris
312,Amazilia chionogaster
313,Amazilia cupreicauda
314,Amazilia cyanifrons
315,Amazilia cyanocephala
316,Amazilia cyanura
317,Amazilia edward
318,Amazilia fimbriata
319,Amazilia franciae
320,Amazilia lactea
321,Amazilia leucogaster
322,Amazilia luciae
323,Amazilia rondoniae
324,Amazilia rosenbergi
325,Amazilia rutila
326,Amazilia saucerrottei
327,Amazilia tobaci
328,Amazilia tzacatl
329,Amazilia versicolor
330,Amazilia violiceps
331,Amazilia viridicauda
332,Amazilia viridifrons
333,Amazilia viridigaster
334,Amazilia yucatanensis
335,Androdon aequatorialis
336,Anopetia gounellei
337,Anthocephala floriceps
338,Anthracothorax dominicus
339,Anthracothorax mango
340,Anthracothorax nigricollis
341,Anthracothorax prevostii
342,Anthracothorax recurvirostris
343,Anthracothorax veraguensis
344,Anthracothorax viridigula
345,Aphantochroa cirrochloris
346,Archilochus colubris
347,Atthis ellioti
348,Augastes lumachella
349,Augastes scutatus
350,Basilinna leucotis
351,Boissonneaua flavescens
352,Boissonneaua jardini
353,Boissonneaua matthewsii
354,Calliphlox amethystina
355,Calliphlox bryantae
356,Calliphlox evelynae
357,Calliphlox mitchellii
358,Campylopterus curvipennis
359,Campylopterus cuvierii
360,Campylopterus duidae
361,Campylopterus ensipennis
362,Campylopterus falcatus
363,Campylopterus hemileucurus
364,Campylopterus hyperythrus
365,Campylopterus largipennis
366,Campylopterus phainopeplus
367,Campylopterus rufus
368,Campylopterus villaviscensio
369,Chaetocercus astreans
370,Chaetocercus berlepschi
371,Chaetocercus bombus
372,Chaetocercus heliodor
373,Chaetocercus jourdanii
374,Chaetocercus mulsanti
375,Chalcostigma herrani
376,Chalcostigma heteropogon
377,Chalcostigma olivaceum
378,Chalcostigma ruficeps
379,Chalcostigma stanleyi
380,Chalybura buffonii
381,Chalybura urochrysia
382,Chlorostilbon alice
383,Chlorostilbon assimilis
384,Chlorostilbon canivetii
385,Chlorostilbon lucidus
386,Chlorostilbon mellisugus
387,Chlorostilbon notatus
388,Chlorostilbon olivaresi
389,Chlorostilbon poortmani
390,Chlorostilbon ricordii
391,Chlorostilbon russatus
392,Chlorostilbon stenurus
393,Chlorostilbon swainsonii
394,Chrysolampis mosquitus
395,Chrysuronia oenone
396,Clytolaema rubricauda
397,Coeligena bonapartei
398,Coeligena coeligena
399,Coeligena helianthea
400,Coeligena iris
401,Coeligena lutetiae
402,Coeligena phalerata
403,Coeligena prunellei
404,Coeligena torquata
405,Coeligena violifer
406,Coeligena wilsoni
407,Colibri coruscans
408,Colibri delphinae
409,Colibri serrirostris
410,Colibri thalassinus
411,Cyanophaia bicolor
412,Damophila julie
413,Discosura conversii
414,Discosura langsdorffi
415,Discosura letitiae
416,Discosura longicaudus
417,Discosura popelairii
418,Doricha enicura
419,Doryfera johannae
420,Doryfera ludovicae
421,Elvira chionura
422,Elvira cupreiceps
423,Ensifera ensifera
424,Eriocnemis alinae
425,Eriocnemis cupreoventris
426,Eriocnemis derbyi
427,Eriocnemis glaucopoides
428,Eriocnemis godini
429,Eriocnemis isabellae
430,Eriocnemis luciani
431,Eriocnemis mirabilis
432,Eriocnemis mosquera
433,Eriocnemis nigrivestis
434,Eriocnemis vestita
435,Eugenes fulgens
436,Eulampis holosericeus
437,Eulampis jugularis
438,Eulidia yarrellii
439,Eupetomena macroura
440,Eupherusa eximia
441,Eupherusa nigriventris
442,Eutoxeres aquila
443,Eutoxeres condamini
444,Florisuga fusca
445,Florisuga mellivora
446,Glaucis aeneus
447,Glaucis dohrnii
448,Glaucis hirsutus
449,Goethalsia bella
450,Goldmania violiceps
451,Haplophaedia assimilis
452,Haplophaedia aureliae
453,Haplophaedia lugens
454,Heliactin bilophus
455,Heliangelus amethysticollis
456,Heliangelus exortis
457,Heliangelus mavors
458,Heliangelus micraster
459,Heliangelus regalis
460,Heliangelus strophianus
461,Heliangelus viola
462,Heliangelus zusii
463,Heliodoxa aurescens
464,Heliodoxa branickii
465,Heliodoxa gularis
466,Heliodoxa imperatrix
467,Heliodoxa jacula
468,Heliodoxa leadbeateri
469,Heliodoxa rubinoides
470,Heliodoxa schreibersii
471,Heliodoxa xanthogonys
472,Heliomaster constantii
473,Heliomaster furcifer
474,Heliomaster longirostris
475,Heliomaster squamosus
476,Heliothryx auritus
477,Heliothryx barroti
478,Hylocharis chrysura
479,Hylocharis cyanus
480,Hylocharis eliciae
481,Hylocharis grayi
482,Hylocharis sapphirina
483,Hylonympha macrocerca
484,Klais guimeti
485,Lafresnaya lafresnayi
486,Lampornis amethystinus
487,Lampornis calolaemus
488,Lampornis castaneoventris
489,Lampornis hemileucus
490,Lampornis sybillae
491,Lampornis viridipallens
492,Lamprolaima rhami
493,Lepidopyga coeruleogularis
494,Lepidopyga goudoti
495,Lepidopyga lilliae
496,Lesbia nuna
497,Lesbia victoriae
498,Leucippus baeri
499,Leucippus chlorocercus
500,Leucippus fallax
501,Leucippus taczanowskii
502,Leucochloris albicollis
503,Loddigesia mirabilis
504,Lophornis adorabilis
505,Lophornis chalybeus
506,Lophornis delattrei
507,Lophornis gouldii
508,Lophornis helenae
509,Lophornis magnificus
510,Lophornis ornatus
511,Lophornis pavoninus
512,Lophornis stictolophus
513,Mellisuga helenae
514,Mellisuga minima
515,Metallura aeneocauda
516,Metallura baroni
517,Metallura eupogon
518,Metallura iracunda
519,Metallura odomae
520,Metallura phoebe
521,Metallura theresiae
522,Metallura tyrianthina
523,Metallura williami
524,Microchera albocoronata
525,Microstilbon burmeisteri
526,Myrmia micrura
527,Myrtis fanny
528,Ocreatus underwoodii
529,Opisthoprora euryptera
530,Oreonympha nobilis
531,Oreotrochilus adela
532,Oreotrochilus chimborazo
533,Oreotrochilus estella
534,Oreotrochilus leucopleurus
535,Oreotrochilus melanogaster
536,Orthorhyncus cristatus
537,Oxypogon guerinii
538,Panterpe insignis
539,Patagona gigas
540,Phaethornis aethopyga
541,Phaethornis anthophilus
542,Phaethornis atrimentalis
543,Phaethornis augusti
544,Phaethornis bourcieri
545,Phaethornis eurynome
546,Phaethornis griseogularis
547,Phaethornis guy
548,Phaethornis hispidus
549,Phaethornis idaliae
550,Phaethornis koepckeae
551,Phaethornis longirostris
552,Phaethornis longuemareus
553,Phaethornis malaris
554,Phaethornis nattereri
555,Phaethornis philippii
556,Phaethornis pretrei
557,Phaethornis ruber
558,Phaethornis rupurumii
559,Phaethornis squalidus
560,Phaethornis striigularis
561,Phaethornis stuarti
562,Phaethornis subochraceus
563,Phaethornis superciliosus
564,Phaethornis syrmatophorus
565,Phaethornis yaruqui
566,Phlogophilus harterti
567,Phlogophilus hemileucurus
568,Polyonymus caroli
569,Polytmus guainumbi
570,Polytmus milleri
571,Polytmus theresiae
572,Pterophanes cyanopterus
573,Ramphodon naevius
574,Ramphomicron dorsale
575,Ramphomicron microrhynchum
576,Rhodopis vesper
577,Sappho sparganura
578,Schistes geoffroyi
579,Selasphorus ardens
580,Selasphorus flammula
581,Selasphorus platycercus
582,Selasphorus rufus
583,Selasphorus scintilla
584,Sephanoides fernandensis
585,Sephanoides sephanoides
586,Stephanoxis lalandi
587,Sternoclyta cyanopectus
588,Taphrolesbia griseiventris
589,Taphrospilus hypostictus
590,Thalurania colombica
591,Thalurania fannyi
592,Thalurania furcata
593,Thalurania glaucopis
594,Thalurania watertonii
595,Thaumastura cora
596,Threnetes niger
597,Threnetes ruckeri
598,Tilmatura dupontii
599,Topaza pella
600,Topaza pyra
601,Trochilus polytmus
602,Trochilus scitulus
603,Urochroa bougueri
604,Urosticte benjamini
605,Burhinus bistriatus
606,Numenius borealis
607,Jabiru mycteria
608,Phoenicoparrus andinus
609,Phoenicoparrus jamesi
610,Phoenicopterus chilensis
611,Phoenicopterus ruber
612,Eudocimus ruber
613,Platalea leucorodia
614,Accipiter bicolor
615,Accipiter collaris
616,Accipiter cooperii
617,Accipiter gundlachi
618,Accipiter poliogaster
619,Accipiter striatus
620,Accipiter superciliosus
621,Asturina nitida
622,Busarellus nigricollis
623,Buteo albicaudatus
624,Buteo albigula
625,Buteo albonotatus
626,Buteo brachyurus
627,Buteo galapagoensis
628,Buteo jamaicensis
629,Buteo leucorrhous
630,Buteo magnirostris
631,Buteo platypterus
632,Buteo poecilochrous
633,Buteo polyosoma
634,Buteo ridgwayi
635,Buteo swainsoni
636,Buteo ventralis
637,Buteogallus aequinoctialis
638,Buteogallus anthracinus
639,Buteogallus meridionalis
640,Buteogallus subtilis
641,Buteogallus urubitinga
642,Chondrohierax uncinatus
643,Chondrohierax uncinatus wilsonii
644,Circus buffoni
645,Circus cinereus
646,Circus cyaneus
647,Elanoides forficatus
648,Elanus leucurus
649,Gampsonyx swainsonii
650,Geranoaetus melanoleucus
651,Geranospiza caerulescens
652,Haliaeetus leucocephalus
653,Harpagus bidentatus
654,Harpagus diodon
655,Harpia harpyja
656,Harpyhaliaetus coronatus
657,Harpyhaliaetus solitarius
658,Ictinia mississippiensis
659,Ictinia plumbea
660,Leptodon cayanensis
661,Leucopternis albicollis
662,Leucopternis kuhli
663,Leucopternis lacernulatus
664,Leucopternis melanops
665,Leucopternis occidentalis
666,Leucopternis plumbeus
667,Leucopternis polionotus
668,Leucopternis princeps
669,Leucopternis schistaceus
670,Leucopternis semiplumbeus
671,Morphnus guianensis
672,Oroaetus isidori
673,Parabuteo unicinctus
674,Rostrhamus hamatus
675,Rostrhamus sociabilis
676,Spizaetus ornatus
677,Spizaetus tyrannus
678,Spizastur melanoleucus
679,Sarcoramphus papa
680,Vultur gryphus
681,Caracara cheriway
682,Caracara plancus
683,Daptrius ater
684,Falco columbarius
685,Falco deiroleucus
686,Falco femoralis
687,Falco peregrinus
688,Falco rufigularis
689,Falco sparverius
690,Falco tinnunculus
691,Herpetotheres cachinnans
692,Ibycter americanus
693,Micrastur buckleyi
694,Micrastur gilvicollis
695,Micrastur mintoni
696,Micrastur mirandollei
697,Micrastur plumbeus
698,Micrastur ruficollis
699,Micrastur semitorquatus
700,Milvago chimachima
701,Milvago chimango
702,Phalcoboenus albogularis
703,Phalcoboenus australis
704,Phalcoboenus carunculatus
705,Phalcoboenus megalopterus
706,Spiziapteryx circumcincta
707,Pandion haliaetus
708,Crax alberti
709,Crax blumenbachii
710,Crax daubentoni
711,Crax globulosa
712,Crax rubra
713,Mitu mitu
714,Oreophasis derbianus
715,Ortalis vetula
716,Pauxi pauxi
717,Penelope albipennis
718,Penelope purpurascens
719,Penelopina nigra
720,Pipile jacutinga
721,Pipile pipile
722,Meleagris ocellata
723,Pavo cristatus
724,Grus canadensis
725,Grus canadensis nesiotes
726,Cephalopterus ornatus
727,Cephalopterus penduliger
728,Cotinga maculata
729,Rupicola peruvianus
730,Rupicola rupicola
731,Xipholena atropurpurea
732,Gubernatrix cristata
733,Paroaria capitata
734,Paroaria coronata
735,Tangara fastuosa
736,Lonchura oryzivora
737,Carduelis cucullata
738,Carduelis yarrellii
739,Xanthopsar flavus
740,Paradisaea apoda
741,Semnornis ramphastinus
742,Baillonius bailloni
743,Pteroglossus aracari
744,Pteroglossus castanotis
745,Pteroglossus viridis
746,Ramphastos dicolorus
747,Ramphastos sulfuratus
748,Ramphastos toco
749,Ramphastos tucanus
750,Ramphastos vitellinus
751,Selenidera maculirostris
752,Podilymbus gigas
753,Amazona aestiva
754,Amazona agilis
755,Amazona albifrons
756,Amazona amazonica
757,Amazona arausiaca
758,Amazona auropalliata
759,Amazona autumnalis
760,Amazona barbadensis
761,Amazona brasiliensis
762,Amazona collaria
763,Amazona dufresniana
764,Amazona farinosa
765,Amazona festiva
766,Amazona guildingii
767,Amazona imperialis
768,Amazona kawalli
769,Amazona leucocephala
770,Amazona mercenaria
771,Amazona ochrocephala
772,Amazona oratrix
773,Amazona pretrei
774,Amazona rhodocorytha
775,Amazona tucumana
776,Amazona ventralis
777,Amazona versicolor
778,Amazona vinacea
779,Amazona xantholora
780,Amazona xanthops
781,Anodorhynchus glaucus
782,Anodorhynchus hyacinthinus
783,Anodorhynchus leari
784,Ara ambiguus
785,Ara ararauna
786,Ara chloropterus
787,Ara glaucogularis
788,Ara macao
789,Ara militaris
790,Ara rubrogenys
791,Ara severus
792,Aratinga acuticaudata
793,Aratinga aurea
794,Aratinga auricapillus
795,Aratinga cactorum
796,Aratinga canicularis
797,Aratinga chloroptera
798,Aratinga erythrogenys
799,Aratinga euops
800,Aratinga finschi
801,Aratinga holochlora
802,Aratinga jandaya
803,Aratinga leucophthalma
804,Aratinga maculata
805,Aratinga mitrata
806,Aratinga nana
807,Aratinga pertinax
808,Aratinga solstitialis
809,Aratinga strenua
810,Aratinga wagleri
811,Aratinga weddellii
812,Bolborhynchus ferrugineifrons
813,Bolborhynchus lineola
814,Bolborhynchus orbygnesius
815,Brotogeris chiriri
816,Brotogeris chrysoptera
817,Brotogeris cyanoptera
818,Brotogeris jugularis
819,Brotogeris pyrrhoptera
820,Brotogeris sanctithomae
821,Brotogeris tirica
822,Brotogeris versicolurus
823,Cyanoliseus patagonus
824,Cyanopsitta spixii
825,Deroptyus accipitrinus
826,Diopsittaca nobilis
827,Enicognathus ferrugineus
828,Enicognathus leptorhynchus
829,Forpus coelestis
830,Forpus conspicillatus
831,Forpus modestus
832,Forpus passerinus
833,Forpus xanthops
834,Forpus xanthopterygius
835,Graydidascalus brachyurus
836,Guarouba guarouba
837,Hapalopsittaca amazonina
838,Hapalopsittaca fuertesi
839,Hapalopsittaca melanotis
840,Hapalopsittaca pyrrhops
841,Leptosittaca branickii
842,Myiopsitta monachus
843,Nandayus nenday
844,Nannopsittaca dachilleae
845,Nannopsittaca panychlora
846,Ognorhynchus icterotis
847,Orthopsittaca manilata
848,Pionites leucogaster
849,Pionites melanocephalus
850,Pionopsitta aurantiocephala
851,Pionopsitta barrabandi
852,Pionopsitta caica
853,Pionopsitta haematotis
854,Pionopsitta pileata
855,Pionopsitta pulchra
856,Pionopsitta pyrilia
857,Pionopsitta vulturina
858,Pionus chalcopterus
859,Pionus fuscus
860,Pionus maximiliani
861,Pionus menstruus
862,Pionus senilis
863,Pionus sordidus
864,Pionus tumultuosus
865,Primolius auricollis
866,Primolius couloni
867,Primolius maracana
868,Psilopsiagon aurifrons
869,Psilopsiagon aymara
870,Pyrrhura albipectus
871,Pyrrhura caeruleiceps
872,Pyrrhura calliptera
873,Pyrrhura cruentata
874,Pyrrhura devillei
875,Pyrrhura egregia
876,Pyrrhura eisenmanni
877,Pyrrhura frontalis
878,Pyrrhura griseipectus
879,Pyrrhura hoematotis
880,Pyrrhura hoffmanni
881,Pyrrhura lepida
882,Pyrrhura leucotis
883,Pyrrhura melanura
884,Pyrrhura molinae
885,Pyrrhura orcesi
886,Pyrrhura parvifrons
887,Pyrrhura perlata
888,Pyrrhura pfrimeri
889,Pyrrhura picta
890,Pyrrhura rhodocephala
891,Pyrrhura rupicola
892,Pyrrhura subandina
893,Pyrrhura viridicata
894,Touit batavicus
895,Touit costaricensis
896,Touit dilectissimus
897,Touit huetii
898,Touit melanonotus
899,Touit purpuratus
900,Touit stictopterus
901,Touit surdus
902,Triclaria malachitacea
903,Pterocnemia pennata
904,Pterocnemia pennata pennata
905,Rhea americana
906,Spheniscus humboldti
907,Aegolius harrisii
908,Aegolius ridgwayi
909,Asio flammeus
910,Asio otus
911,Asio stygius
912,Athene cunicularia
913,Bubo virginianus
914,Ciccaba huhula
915,Ciccaba nigrolineata
916,Glaucidium bolivianum
917,Glaucidium brasilianum
918,Glaucidium costaricanum
919,Glaucidium gnoma
920,Glaucidium griseiceps
921,Glaucidium hardyi
922,Glaucidium jardinii
923,Glaucidium minutissimum
924,Glaucidium mooreorum
925,Glaucidium nana
926,Glaucidium nubicola
927,Glaucidium parkeri
928,Glaucidium peruanum
929,Glaucidium siju
930,Gymnoglaux lawrencii
931,Lophostrix cristata
932,Otus albogularis
933,Otus atricapilla
934,Otus barbarus
935,Otus choliba
936,Otus clarkii
937,Otus colombianus
938,Otus cooperi
939,Otus flammeolus
940,Otus guatemalae
941,Otus hoyi
942,Otus ingens
943,Otus koepckeae
944,Otus marshalli
945,Otus petersoni
946,Otus roboratus
947,Otus sanctaecatarinae
948,Otus trichopsis
949,Otus vermiculatus
950,Otus watsonii
951,Pseudoscops clamator
952,Pseudoscops grammicus
953,Pulsatrix koeniswaldiana
954,Pulsatrix melanota
955,Pulsatrix perspicillata
956,Strix albitarsis
957,Strix chacoensis
958,Strix fulvescens
959,Strix hylophila
960,Strix rufipes
961,Strix virgata
962,Xenoglaux loweryi
963,Tyto alba
964,Tyto glaucops
965,Tinamus solitarius
966,Pharomachrus mocinno
967,Caiman crocodilus
968,Caiman crocodilus apaporiensis
969,Caiman latirostris
970,Melanosuchus niger
971,Paleosuchus palpebrosus
972,Paleosuchus trigonatus
973,Crocodylus acutus
974,Crocodylus intermedius
975,Crocodylus moreletii
976,Crocodylus rhombifer
977,Abronia anzuetoi
978,Abronia aurita
979,Abronia campbelli
980,Abronia frosti
981,Abronia gaiophantasma
982,Abronia meledona
983,Heloderma horridum
984,Heloderma horridum charlesbogerti
985,Amblyrhynchus cristatus
986,Conolophus marthae
987,Conolophus pallidus
988,Conolophus subcristatus
989,Ctenosaura bakeri
990,Ctenosaura melanosterna
991,Ctenosaura oedirhina
992,Ctenosaura palearis
993,Cyclura carinata
994,Cyclura collei
995,Cyclura cornuta
996,Cyclura cychlura
997,Cyclura nubila
998,Cyclura ricordi
999,Cyclura rileyi
1000,Iguana delicatissima
1001,Iguana iguana
1002,Crocodilurus amazonicus
1003,Dracaena guianensis
1004,Dracaena paraguayensis
1005,Salvator duseni
1006,Salvator merianae
1007,Salvator rufescens
1008,Tupinambis longilineus
1009,Tupinambis palustris
1010,Tupinambis quadrilineatus
1011,Tupinambis teguixin
1012,Boa constrictor
1013,Boa constrictor occidentalis
1014,Corallus annulatus
1015,Corallus batesii
1016,Corallus caninus
1017,Corallus cookii
1018,Corallus cropanii
1019,Corallus grenadensis
1020,Corallus hortulanus
1021,Corallus ruschenbergerii
1022,Epicrates alvarezi
1023,Epicrates angulifer
1024,Epicrates assisi
1025,Epicrates cenchria
1026,Epicrates chrysogaster
1027,Epicrates crassus
1028,Epicrates exsul
1029,Epicrates fordii
1030,Epicrates gracilis
1031,Epicrates maurus
1032,Epicrates striatus
1033,Epicrates subflavus
1034,Eunectes beniensis
1035,Eunectes deschauenseei
1036,Eunectes murinus
1037,Eunectes notaeus
1038,Clelia clelia
1039,Cyclagras gigas
1040,Micrurus diastema
1041,Micrurus nigrocinctus
1042,Micrurus ruatanus
1043,Loxocemus bicolor
1044,Trachyboa boulengeri
1045,Trachyboa gularis
1046,Tropidophis battersbyi
1047,Tropidophis bucculentus
1048,Tropidophis canus
1049,Tropidophis celiae
1050,Tropidophis curtus
1051,Tropidophis feicki
1052,Tropidophis fuscus
1053,Tropidophis galacelidus
1054,Tropidophis haetianus
1055,Tropidophis hardyi
1056,Tropidophis hendersoni
1057,Tropidophis jamaicensis
1058,Tropidophis maculatus
1059,Tropidophis melanurus
1060,Tropidophis morenoi
1061,Tropidophis nigriventris
1062,Tropidophis pardalis
1063,Tropidophis paucisquamis
1064,Tropidophis pilsbryi
1065,Tropidophis semicinctus
1066,Tropidophis spiritus
1067,Tropidophis stejnegeri
1068,Tropidophis stullae
1069,Tropidophis taczanowskyi
1070,Tropidophis wrighti
1071,Tropidophis xanthogaster
1072,Ungaliophis continentalis
1073,Ungaliophis panamensis
1074,Crotalus durissus
1075,Caretta caretta
1076,Chelonia mydas
1077,Eretmochelys imbricata
1078,Lepidochelys kempii
1079,Lepidochelys olivacea
1080,Dermatemys mawii
1081,Dermochelys coriacea
1082,Peltocephalus dumerilianus
1083,Podocnemis erythrocephala
1084,Podocnemis expansa
1085,Podocnemis lewyana
1086,Podocnemis sextuberculata
1087,Podocnemis unifilis
1088,Podocnemis vogli
1089,Chelonoidis carbonarius
1090,Chelonoidis chilensis
1091,Chelonoidis denticulatus
1092,Chelonoidis niger
1093,Allobates femoralis
1094,Allobates hodli
1095,Allobates myersi
1096,Allobates zaparo
1097,Anomaloglossus rufulus
1098,Atelopus zeteki
1099,Incilius periglenes
1100,Calyptocephalella gayi
1101,Adelphobates castaneoticus
1102,Adelphobates galactonotus
1103,Adelphobates quinquevittatus
1104,Ameerega altamazonica
1105,Ameerega andina
1106,Ameerega bassleri
1107,Ameerega bilinguis
1108,Ameerega boehmei
1109,Ameerega boliviana
1110,Ameerega braccata
1111,Ameerega cainarachi
1112,Ameerega erythromos
1113,Ameerega flavopicta
1114,Ameerega hahneli
1115,Ameerega ignipedis
1116,Ameerega ingeri
1117,Ameerega labialis
1118,Ameerega macero
1119,Ameerega maculata
1120,Ameerega parvula
1121,Ameerega pepperi
1122,Ameerega peruviridis
1123,Ameerega petersi
1124,Ameerega picta
1125,Ameerega planipaleae
1126,Ameerega pongoensis
1127,Ameerega pulchripecta
1128,Ameerega rubriventris
1129,Ameerega silverstonei
1130,Ameerega simulans
1131,Ameerega smaragdina
1132,Ameerega trivittata
1133,Ameerega yoshina
1134,Ameerega yungicola
1135,Andinobates abditus
1136,Andinobates altobueyensis
1137,Andinobates bombetes
1138,Andinobates claudiae
1139,Andinobates daleswansoni
1140,Andinobates dorisswansonae
1141,Andinobates fulguritus
1142,Andinobates minutus
1143,Andinobates opisthomelas
1144,Andinobates tolimensis
1145,Andinobates viridis
1146,Andinobates virolensis
1147,Dendrobates auratus
1148,Dendrobates leucomelas
1149,Dendrobates nubeculosus
1150,Dendrobates tinctorius
1151,Dendrobates truncatus
1152,Epipedobates anthonyi
1153,Epipedobates boulengeri
1154,Epipedobates espinosai
1155,Epipedobates machalilla
1156,Epipedobates narinensis
1157,Epipedobates tricolor
1158,Excidobates captivus
1159,Excidobates mysteriosus
1160,Hyloxalus azureiventris
1161,Minyobates steyermarki
1162,Oophaga arborea
1163,Oophaga granulifera
1164,Oophaga histrionica
1165,Oophaga lehmanni
1166,Oophaga occultator
1167,Oophaga pumilio
1168,Oophaga speciosa
1169,Oophaga sylvatica
1170,Oophaga vicentei
1171,Phyllobates aurotaenia
1172,Phyllobates bicolor
1173,Phyllobates lugubris
1174,Phyllobates terribilis
1175,Phyllobates vittatus
1176,Ranitomeya amazonica
1177,Ranitomeya benedicta
1178,Ranitomeya cyanovittata
1179,Ranitomeya defleri
1180,Ranitomeya fantastica
1181,Ranitomeya flavovittata
1182,Ranitomeya imitator
1183,Ranitomeya reticulata
1184,Ranitomeya sirensis
1185,Ranitomeya summersi
1186,Ranitomeya toraro
1187,Ranitomeya uakarii
1188,Ranitomeya vanzolinii
1189,Ranitomeya variabilis
1190,Ranitomeya ventrimaculata
1191,Ranitomeya yavaricola
1192,Agalychnis annae
1193,Agalychnis callidryas
1194,Agalychnis moreletii
1195,Agalychnis saltator
1196,Agalychnis spurrelli
1197,Telmatobius culeus
1198,Carcharhinus falciformis
1199,Carcharhinus longimanus
1200,Sphyrna lewini
1201,Sphyrna mokarran
1202,Sphyrna zygaena
1203,Cetorhinus maximus
1204,Carcharodon carcharias
1205,Lamna nasus
1206,Manta birostris
1207,Potamotrygon albimaculata
1208,Potamotrygon amandae
1209,Potamotrygon brachyura
1210,Potamotrygon constellata
1211,Potamotrygon falkneri
1212,Potamotrygon henlei
1213,Potamotrygon histrix
1214,Potamotrygon humerosa
1215,Potamotrygon jabuti
1216,Potamotrygon leopoldi
1217,Potamotrygon limai
1218,Potamotrygon magdalenae
1219,Potamotrygon ocellata
1220,Potamotrygon pantanensis
1221,Potamotrygon rex
1222,Potamotrygon schroederi
1223,Potamotrygon scobina
1224,Potamotrygon signata
1225,Potamotrygon wallacei
1226,Potamotrygon yepezi
1227,Rhincodon typus
1228,Pristis microdon
1229,Pristis pectinata
1230,Pristis pristis
1231,Isostichopus fuscus
1232,Brachypelma albopilosum
1233,Brachypelma angustum
1234,Brachypelma embrithes
1235,Brachypelma fossorium
1236,Brachypelma sabulosum
1237,Brachypelma vagans
1238,Dynastes satanas
1239,Agrias amydon boliviensis
1240,Morpho godartii lachaumei
1241,Prepona praeneste buckleyana
1242,Papilio homerus
1243,Unio nickliniana
1244,Strombus gigas
1245,Polymita brocheri
1246,Polymita muscarum
1247,Polymita picta
1248,Polymita sulphurosa
1249,Polymita venusta
1250,Polymita versicolor
1251,Allopathes desbonni
1252,Antipathes assimilis
1253,Antipathes atlantica
1254,Antipathes caribbeana
1255,Antipathes furcata
1256,Antipathes galapagensis
1257,Antipathes gracilis
1258,Antipathes lenta
1259,Antipathes minor
1260,Antipathes rubusiformis
1261,Antipathes speciosa
1262,Antipathes umbratica
1263,Cirrhipathes secchini
1264,Cirrhipathes spiralis
1265,Pteropathes fragilis
1266,Stichopathes gracilis
1267,Stichopathes lutkeni
1268,Stichopathes occidentalis
1269,Stichopathes pourtalesi
1270,Acanthopathes humilis
1271,Acanthopathes thyoides
1272,Aphanipathes pedata
1273,Aphanipathes salix
1274,Distichopathes filix
1275,Elatopathes abietina
1276,Phanopathes rigida
1277,Rhipidipathes colombiana
1278,Chrysopathes formosa
1279,Chrysopathes micracantha
1280,Chrysopathes oligocrada
1281,Heliopathes americana
1282,Heliopathes heterorhodzos
1283,Leiopathes glaberrima
1284,Myriopathes panamensis
1285,Plumapathes fernandezii
1286,Plumapathes pennacea
1287,Tanacetipathes barbadensis
1288,Tanacetipathes hirta
1289,Tanacetipathes longipinnula
1290,Tanacetipathes tanacetum
1291,Tanacetipathes thalassoros
1292,Tanacetipathes thamnea
1293,Bathypathes bayeri
1294,Bathypathes galatheae
1295,Bathypathes patula
1296,Lillipathes ritamariae
1297,Parantipathes tetrasticha
1298,Schizopathes affinis
1299,Schizopathes crassa
1300,Stylopathes adinocrada
1301,Stylopathes americana
1302,Stylopathes columnaris
1303,Stylopathes litocrada
1304,Tylopathes contorta
1305,Tylopathes crispa
1306,Acropora cervicornis
1307,Acropora palmata
1308,Acropora prolifera
1309,Acropora valida
1310,Agaricia agaricites
1311,Agaricia fragilis
1312,Agaricia grahamae
1313,Agaricia humilis
1314,Agaricia lamarcki
1315,Agaricia tenuifolia
1316,Agaricia undata
1317,Gardineroseris planulata
1318,Helioseris cucullata
1319,Leptoseris cailleti
1320,Leptoseris foliosa
1321,Leptoseris hawaiiensis
1322,Leptoseris papyracea
1323,Leptoseris scabra
1324,Leptoseris solida
1325,Pavona cactus
1326,Pavona chiriquiensis
1327,Pavona clavus
1328,Pavona frondifera
1329,Pavona gigantea
1330,Pavona maldivensis
1331,Pavona minuta
1332,Pavona varians
1333,Pavona xarifae
1334,Anthemiphyllia patera
1335,Stephanocoenia intersepta
1336,Anomocora carinata
1337,Anomocora fecunda
1338,Anomocora marchadi
1339,Anomocora prolifera
1340,Bathycyathus chilensis
1341,Caryophyllia ambrosia
1342,Caryophyllia antillarum
1343,Caryophyllia barbadensis
1344,Caryophyllia berteriana
1345,Caryophyllia corrugata
1346,Caryophyllia crypta
1347,Caryophyllia diomedeae
1348,Caryophyllia huinayensis
1349,Caryophyllia paucipalata
1350,Caryophyllia perculta
1351,Caryophyllia polygona
1352,Caryophyllia scobinosa
1353,Caryophyllia smithii
1354,Caryophyllia solida
1355,Caryophyllia squiresi
1356,Caryophyllia zopyros
1357,Cladocora arbuscula
1358,Cladocora debilis
1359,Cladocora pacifica
1360,Coenocyathus bowersi
1361,Coenocyathus caribbeana
1362,Coenocyathus parvulus
1363,Coenosmilia arbuscula
1364,Colangia immersa
1365,Colangia jamaicaensis
1366,Colangia multipalifera
1367,Concentrotheca laevigata
1368,Concentrotheca vaughani
1369,Crispatotrochus galapagensis
1370,Dasmosmilia lymani
1371,Dasmosmilia variegata
1372,Deltocyathus agassizii
1373,Deltocyathus calcar
1374,Deltocyathus eccentricus
1375,Deltocyathus halianthus
1376,Deltocyathus italicus
1377,Deltocyathus moseleyi
1378,Deltocyathus parvulus
1379,Deltocyathus pourtalesi
1380,Desmophyllum dianthus
1381,Desmophyllum striatum
1382,Eusmilia fastigiata
1383,Heterocyathus antoniae
1384,Labyrinthocyathus langae
1385,Lophelia pertusa
1386,Monohedotrochus capitolii
1387,Oxysmilia rotundifolia
1388,Paracyathus humilis
1389,Paracyathus pulchellus
1390,Phacelocyathus flos
1391,Phyllangia americana
1392,Phyllangia consagensis
1393,Phyllangia dispersa
1394,Polycyathus hondaensis
1395,Polycyathus isabela
1396,Polycyathus mayae
1397,Polycyathus senegalensis
1398,Pourtalosmilia conferta
1399,Premocyathus cornuformis
1400,Rhizosmilia gerdae
1401,Rhizosmilia maculata
1402,Solenosmilia variabilis
1403,Stephanocyathus coronatus
1404,Stephanocyathus diadema
1405,Stephanocyathus isabellae
1406,Stephanocyathus laevifundus
1407,Stephanocyathus nobilis
1408,Stephanocyathus paliferus
1409,Tethocyathus cylindraceus
1410,Tethocyathus endesa
1411,Tethocyathus prahli
1412,Tethocyathus recurvatus
1413,Tethocyathus variabilis
1414,Thalamophyllia riisei
1415,Trochocyathus fossulus
1416,Trochocyathus laboreli
1417,Trochocyathus rawsonii
1418,Balanophyllia bayeri
1419,Balanophyllia caribbeana
1420,Balanophyllia cedrosensis
1421,Balanophyllia cyathoides
1422,Balanophyllia dineta
1423,Balanophyllia floridana
1424,Balanophyllia galapagensis
1425,Balanophyllia hadros
1426,Balanophyllia malouinensis
1427,Balanophyllia palifera
1428,Balanophyllia pittieri
1429,Balanophyllia wellsi
1430,Bathypsammia fallosocialis
1431,Bathypsammia tintinnabulum
1432,Cladopsammia eguchii
1433,Cladopsammia gracilis
1434,Cladopsammia manuelensis
1435,Dendrophyllia alternata
1436,Dendrophyllia californica
1437,Dendrophyllia johnsoni
1438,Dendrophyllia oldroydae
1439,Eguchipsammia cornucopia
1440,Eguchipsammia gaditana
1441,Eguchipsammia strigosa
1442,Enallopsammia profunda
1443,Enallopsammia rostrata
1444,Endopachys grayi
1445,Endopsammia pourtalesi
1446,Leptopsammia trinitatis
1447,Rhizopsammia goesi
1448,Rhizopsammia pulchra
1449,Rhizopsammia verrilli
1450,Rhizopsammia wellingtoni
1451,Thecopsammia socialis
1452,Trochopsammia infundibulum
1453,Tubastraea coccinea
1454,Tubastraea faulkneri
1455,Tubastraea floreana
1456,Tubastraea tagusensis
1457,Colpophyllia amaranthus
1458,Colpophyllia breviserialis
1459,Colpophyllia natans
1460,Diploria clivosa
1461,Diploria labyrinthiformis
1462,Diploria strigosa
1463,Favia favus
1464,Favia fragum
1465,Favia gravida
1466,Favia leptophylla
1467,Leptastrea purpurea
1468,Manicina areolata
1469,Montastrea annularis
1470,Montastrea cavernosa
1471,Montastrea faveolata
1472,Montastrea franksi
1473,Solenastrea bournonii
1474,Solenastrea hyades
1475,Flabellum apertum
1476,Flabellum areum
1477,Flabellum atlanticum
1478,Flabellum curvatum
1479,Flabellum daphnense
1480,Flabellum floridanum
1481,Flabellum moseleyi
1482,Flabellum thouarsii
1483,Javania cailleti
1484,Javania pseudoalabastra
1485,Placotrochides frustum
1486,Polymyces fragilis
1487,Polymyces montereyensis
1488,Polymyces wellsi
1489,Truncatoflabellum truncum
1490,Fungiacyathus crispus
1491,Fungiacyathus marenzelleri
1492,Fungiacyathus pliciseptus
1493,Fungiacyathus pseudostephanus
1494,Fungiacyathus symmetricus
1495,Fungia curvata
1496,Fungia distorta
1497,Fungia erosa
1498,Fungia vaughani
1499,Gardineria minor
1500,Gardineria paradoxa
1501,Gardineria simplex
1502,Guynia annulata
1503,Pourtalocyathus hispidus
1504,Schizocyathus fissilis
1505,Stenocyathus vermiformis
1506,Dendrogyra cylindrus
1507,Dichocoenia stellaris
1508,Dichocoenia stokesii
1509,Meandrina brasiliensis
1510,Meandrina maeandrites
1511,Leptopenus discus
1512,Leptopenus hypocoelus
1513,Isophyllastrea rigida
1514,Isophyllia sinuosa
1515,Mussa angulosa
1516,Mussismilia braziliensis
1517,Mussismilia harttii
1518,Mussismilia hispida
1519,Mycetophyllia aliciae
1520,Mycetophyllia daniana
1521,Mycetophyllia ferox
1522,Mycetophyllia lamarckiana
1523,Mycetophyllia reesi
1524,Scolymia cubensis
1525,Scolymia lacera
1526,Scolymia wellsii
1527,Bathelia candida
1528,Madrepora carolina
1529,Madrepora oculata
1530,Oculina diffusa
1531,Oculina patagonica
1532,Oculina profunda
1533,Oculina tenella
1534,Oculina valenciennesi
1535,Oculina varicosa
1536,Schizoculina fissipara
1537,Madracis asperula
1538,Madracis auretenra
1539,Madracis brueggemanni
1540,Madracis carmabi
1541,Madracis decactis
1542,Madracis formosa
1543,Madracis fragilis
1544,Madracis myriaster
1545,Madracis pharensis
1546,Madracis senaria
1547,Pocillopora capitata
1548,Pocillopora damicornis
1549,Pocillopora danae
1550,Pocillopora elegans
1551,Pocillopora eydouxi
1552,Pocillopora inflata
1553,Pocillopora ligulata
1554,Pocillopora meandrina
1555,Pocillopora verrucosa
1556,Pocillopora woodjonesi
1557,Porites astreoides
1558,Porites branneri
1559,Porites colonensis
1560,Porites divaricata
1561,Porites furcata
1562,Porites lobata
1563,Porites panamensis
1564,Porites porites
1565,Porites rus
1566,Astrangia browni
1567,Astrangia costata
1568,Astrangia dentata
1569,Astrangia equatorialis
1570,Astrangia haimei
1571,Astrangia howardi
1572,Astrangia rathbuni
1573,Astrangia solitaria
1574,Culicia rubeola
1575,Culicia stellata
1576,Cylicia inflata
1577,Oulangia bradleyi
1578,Psammocora brighami
1579,Psammocora contigua
1580,Psammocora profundacella
1581,Psammocora stellata
1582,Psammocora superficialis
1583,Siderastrea glynni
1584,Siderastrea radians
1585,Siderastrea savignyana
1586,Siderastrea siderea
1587,Siderastrea stellata
1588,Deltocyathoides stimpsonii
1589,Peponocyathus folliculus
1590,Pseudocyathoceras avis
1591,Sphenotrochus auritus
1592,Sphenotrochus gardineri
1593,Sphenotrochus hancocki
1594,Sphenotrochus lindstroemi
1595,Trematotrochus corbicula
1596,Millepora alcicornis
1597,Millepora boschmai
1598,Millepora braziliensis
1599,Millepora complanata
1600,Millepora intricata
1601,Millepora nitida
1602,Millepora platyphylla
1603,Millepora squarrosa
1604,Millepora striata
1605,Adelopora pseudothyron
1606,Cheiloporidion pulvinatum
1607,Crypthelia cymas
1608,Crypthelia dactylopoma
1609,Crypthelia eueides
1610,Crypthelia gigantea
1611,Crypthelia glebulenta
1612,Crypthelia glossopoma
1613,Crypthelia insolita
1614,Crypthelia lacunosa
1615,Crypthelia papillosa
1616,Crypthelia peircei
1617,Crypthelia pudica
1618,Crypthelia stenopoma
1619,Crypthelia tenuiseptata
1620,Distichopora anomala
1621,Distichopora barbadensis
1622,Distichopora cervina
1623,Distichopora contorta
1624,Distichopora laevigranulosa
1625,Distichopora robusta
1626,Distichopora sulcata
1627,Distichopora uniserialis
1628,Errina antarctica
1629,Errina boschmai
1630,Errina cochleata
1631,Errina macrogastra
1632,Errinopsis reticulum
1633,Inferiolabiata labiata
1634,Lepidopora biserialis
1635,Lepidopora carinata
1636,Lepidopora clavigera
1637,Lepidopora decipiens
1638,Lepidopora glabra
1639,Lepidotheca brochi
1640,Lepidotheca macropora
1641,Lepidotheca pourtalesi
1642,Pliobothrus echinatus
1643,Pliobothrus fistulosus
1644,Pliobothrus symmetricus
1645,Pliobothrus tubulatus
1646,Sporadopora dichotoma
1647,Stellapora echinata
1648,Stenohelia concinna
1649,Stenohelia pauciseptata
1650,Stenohelia profunda
1651,Stylaster antillarum
1652,Stylaster aurantiacus
1653,Stylaster cocosensis
1654,Stylaster complanatus
1655,Stylaster corallium
1656,Stylaster densicaulis
1657,Stylaster divergens
1658,Stylaster duchassaingii
1659,Stylaster erubescens
1660,Stylaster filogranus
1661,Stylaster galapagensis
1662,Stylaster laevigatus
1663,Stylaster marenzelleri
1664,Stylaster miniatus
1665,Stylaster profundus
1666,Stylaster roseus
