id_family,Family
2,Arapaimidae
3,Syngnathidae
4,Syngnathidae
5,Syngnathidae
6,Syngnathidae
7,Syngnathidae
8,Bovidae
9,Camelidae
10,Camelidae
11,Cervidae
12,Cervidae
13,Cervidae
14,Cervidae
15,Cervidae
16,Cervidae
17,Cervidae
18,Cervidae
19,Tayassuidae
20,Tayassuidae
21,Tayassuidae
22,Canidae
23,Canidae
24,Canidae
25,Canidae
26,Canidae
27,Canidae
28,Canidae
29,Felidae
30,Felidae
31,Felidae
32,Felidae
33,Felidae
34,Felidae
35,Felidae
36,Felidae
37,Felidae
38,Felidae
39,Felidae
40,Felidae
41,Felidae
42,Felidae
43,Herpestidae
44,Herpestidae
45,Mephitidae
46,Mustelidae
47,Mustelidae
48,Mustelidae
49,Mustelidae
50,Mustelidae
51,Mustelidae
52,Otariidae
53,Otariidae
54,Otariidae
55,Otariidae
56,Otariidae
57,Phocidae
58,Phocidae
59,Procyonidae
60,Procyonidae
61,Procyonidae
62,Procyonidae
63,Procyonidae
64,Ursidae
65,Balaenidae
66,Balaenidae
67,Balaenopteridae
68,Balaenopteridae
69,Balaenopteridae
70,Balaenopteridae
71,Balaenopteridae
72,Balaenopteridae
73,Balaenopteridae
74,Delphinidae
75,Delphinidae
76,Delphinidae
77,Delphinidae
78,Delphinidae
79,Delphinidae
80,Delphinidae
81,Delphinidae
82,Delphinidae
83,Delphinidae
84,Delphinidae
85,Delphinidae
86,Delphinidae
87,Delphinidae
88,Delphinidae
89,Delphinidae
90,Delphinidae
91,Delphinidae
92,Delphinidae
93,Delphinidae
94,Delphinidae
95,Delphinidae
96,Delphinidae
97,Delphinidae
98,Delphinidae
99,Iniidae
100,Iniidae
101,Neobalaenidae
102,Phocoenidae
103,Phocoenidae
104,Physeteridae
105,Physeteridae
106,Physeteridae
107,Ziphiidae
108,Ziphiidae
109,Ziphiidae
110,Ziphiidae
111,Ziphiidae
112,Ziphiidae
113,Ziphiidae
114,Ziphiidae
115,Ziphiidae
116,Ziphiidae
117,Ziphiidae
118,Ziphiidae
119,Ziphiidae
120,Ziphiidae
121,Ziphiidae
122,Phyllostomidae
123,Dasypodidae
124,Dasypodidae
125,Dasypodidae
126,Dasypodidae
127,Tapiridae
128,Tapiridae
129,Tapiridae
130,Bradypodidae
131,Bradypodidae
132,Megalonychidae
133,Myrmecophagidae
134,Myrmecophagidae
135,Aotidae
136,Aotidae
137,Aotidae
138,Aotidae
139,Aotidae
140,Aotidae
141,Aotidae
142,Aotidae
143,Aotidae
144,Atelidae
145,Atelidae
146,Atelidae
147,Atelidae
148,Atelidae
149,Atelidae
150,Atelidae
151,Atelidae
152,Atelidae
153,Atelidae
154,Atelidae
155,Atelidae
156,Atelidae
157,Atelidae
158,Atelidae
159,Atelidae
160,Atelidae
161,Atelidae
162,Atelidae
163,Atelidae
164,Atelidae
165,Atelidae
166,Atelidae
167,Atelidae
168,Atelidae
169,Atelidae
170,Cebidae
171,Cebidae
172,Cebidae
173,Cebidae
174,Cebidae
175,Cebidae
176,Cebidae
177,Cebidae
178,Cebidae
179,Cebidae
180,Cebidae
181,Cebidae
182,Cebidae
183,Cebidae
184,Cebidae
185,Cebidae
186,Cebidae
187,Cebidae
188,Cebidae
189,Cebidae
190,Cebidae
191,Cebidae
192,Cebidae
193,Cebidae
194,Cebidae
195,Cebidae
196,Cebidae
197,Cebidae
198,Cebidae
199,Cebidae
200,Cebidae
201,Cebidae
202,Cebidae
203,Cebidae
204,Cebidae
205,Cebidae
206,Cebidae
207,Cebidae
208,Cebidae
209,Cebidae
210,Cebidae
211,Cebidae
212,Cebidae
213,Cebidae
214,Cebidae
215,Cebidae
216,Cebidae
217,Cebidae
218,Cebidae
219,Cebidae
220,Cebidae
221,Cebidae
222,Cebidae
223,Cebidae
224,Cebidae
225,Cebidae
226,Cebidae
227,Cebidae
228,Cebidae
229,Cebidae
230,Cercopithecidae
231,Cercopithecidae
232,Pitheciidae
233,Pitheciidae
234,Pitheciidae
235,Pitheciidae
236,Pitheciidae
237,Pitheciidae
238,Pitheciidae
239,Pitheciidae
240,Pitheciidae
241,Pitheciidae
242,Pitheciidae
243,Pitheciidae
244,Pitheciidae
245,Pitheciidae
246,Pitheciidae
247,Pitheciidae
248,Pitheciidae
249,Pitheciidae
250,Pitheciidae
251,Pitheciidae
252,Pitheciidae
253,Pitheciidae
254,Pitheciidae
255,Pitheciidae
256,Pitheciidae
257,Pitheciidae
258,Pitheciidae
259,Pitheciidae
260,Pitheciidae
261,Pitheciidae
262,Pitheciidae
263,Pitheciidae
264,Pitheciidae
265,Pitheciidae
266,Pitheciidae
267,Pitheciidae
268,Pitheciidae
269,Pitheciidae
270,Pitheciidae
271,Pitheciidae
272,Pitheciidae
273,Pitheciidae
274,Pitheciidae
275,Pitheciidae
276,Pitheciidae
277,Pitheciidae
278,Pitheciidae
279,Pitheciidae
280,Pitheciidae
281,Chinchillidae
282,Chinchillidae
283,Cuniculidae
284,Dasyproctidae
285,Erethizontidae
286,Erethizontidae
287,Sciuridae
288,Trichechidae
289,Trichechidae
290,Anatidae
291,Anatidae
292,Anatidae
293,Anatidae
294,Anatidae
295,Anatidae
296,Trochilidae
297,Trochilidae
298,Trochilidae
299,Trochilidae
300,Trochilidae
301,Trochilidae
302,Trochilidae
303,Trochilidae
304,Trochilidae
305,Trochilidae
306,Trochilidae
307,Trochilidae
308,Trochilidae
309,Trochilidae
310,Trochilidae
311,Trochilidae
312,Trochilidae
313,Trochilidae
314,Trochilidae
315,Trochilidae
316,Trochilidae
317,Trochilidae
318,Trochilidae
319,Trochilidae
320,Trochilidae
321,Trochilidae
322,Trochilidae
323,Trochilidae
324,Trochilidae
325,Trochilidae
326,Trochilidae
327,Trochilidae
328,Trochilidae
329,Trochilidae
330,Trochilidae
331,Trochilidae
332,Trochilidae
333,Trochilidae
334,Trochilidae
335,Trochilidae
336,Trochilidae
337,Trochilidae
338,Trochilidae
339,Trochilidae
340,Trochilidae
341,Trochilidae
342,Trochilidae
343,Trochilidae
344,Trochilidae
345,Trochilidae
346,Trochilidae
347,Trochilidae
348,Trochilidae
349,Trochilidae
350,Trochilidae
351,Trochilidae
352,Trochilidae
353,Trochilidae
354,Trochilidae
355,Trochilidae
356,Trochilidae
357,Trochilidae
358,Trochilidae
359,Trochilidae
360,Trochilidae
361,Trochilidae
362,Trochilidae
363,Trochilidae
364,Trochilidae
365,Trochilidae
366,Trochilidae
367,Trochilidae
368,Trochilidae
369,Trochilidae
370,Trochilidae
371,Trochilidae
372,Trochilidae
373,Trochilidae
374,Trochilidae
375,Trochilidae
376,Trochilidae
377,Trochilidae
378,Trochilidae
379,Trochilidae
380,Trochilidae
381,Trochilidae
382,Trochilidae
383,Trochilidae
384,Trochilidae
385,Trochilidae
386,Trochilidae
387,Trochilidae
388,Trochilidae
389,Trochilidae
390,Trochilidae
391,Trochilidae
392,Trochilidae
393,Trochilidae
394,Trochilidae
395,Trochilidae
396,Trochilidae
397,Trochilidae
398,Trochilidae
399,Trochilidae
400,Trochilidae
401,Trochilidae
402,Trochilidae
403,Trochilidae
404,Trochilidae
405,Trochilidae
406,Trochilidae
407,Trochilidae
408,Trochilidae
409,Trochilidae
410,Trochilidae
411,Trochilidae
412,Trochilidae
413,Trochilidae
414,Trochilidae
415,Trochilidae
416,Trochilidae
417,Trochilidae
418,Trochilidae
419,Trochilidae
420,Trochilidae
421,Trochilidae
422,Trochilidae
423,Trochilidae
424,Trochilidae
425,Trochilidae
426,Trochilidae
427,Trochilidae
428,Trochilidae
429,Trochilidae
430,Trochilidae
431,Trochilidae
432,Trochilidae
433,Trochilidae
434,Trochilidae
435,Trochilidae
436,Trochilidae
437,Trochilidae
438,Trochilidae
439,Trochilidae
440,Trochilidae
441,Trochilidae
442,Trochilidae
443,Trochilidae
444,Trochilidae
445,Trochilidae
446,Trochilidae
447,Trochilidae
448,Trochilidae
449,Trochilidae
450,Trochilidae
451,Trochilidae
452,Trochilidae
453,Trochilidae
454,Trochilidae
455,Trochilidae
456,Trochilidae
457,Trochilidae
458,Trochilidae
459,Trochilidae
460,Trochilidae
461,Trochilidae
462,Trochilidae
463,Trochilidae
464,Trochilidae
465,Trochilidae
466,Trochilidae
467,Trochilidae
468,Trochilidae
469,Trochilidae
470,Trochilidae
471,Trochilidae
472,Trochilidae
473,Trochilidae
474,Trochilidae
475,Trochilidae
476,Trochilidae
477,Trochilidae
478,Trochilidae
479,Trochilidae
480,Trochilidae
481,Trochilidae
482,Trochilidae
483,Trochilidae
484,Trochilidae
485,Trochilidae
486,Trochilidae
487,Trochilidae
488,Trochilidae
489,Trochilidae
490,Trochilidae
491,Trochilidae
492,Trochilidae
493,Trochilidae
494,Trochilidae
495,Trochilidae
496,Trochilidae
497,Trochilidae
498,Trochilidae
499,Trochilidae
500,Trochilidae
501,Trochilidae
502,Trochilidae
503,Trochilidae
504,Trochilidae
505,Trochilidae
506,Trochilidae
507,Trochilidae
508,Trochilidae
509,Trochilidae
510,Trochilidae
511,Trochilidae
512,Trochilidae
513,Trochilidae
514,Trochilidae
515,Trochilidae
516,Trochilidae
517,Trochilidae
518,Trochilidae
519,Trochilidae
520,Trochilidae
521,Trochilidae
522,Trochilidae
523,Trochilidae
524,Trochilidae
525,Trochilidae
526,Trochilidae
527,Trochilidae
528,Trochilidae
529,Trochilidae
530,Trochilidae
531,Trochilidae
532,Trochilidae
533,Trochilidae
534,Trochilidae
535,Trochilidae
536,Trochilidae
537,Trochilidae
538,Trochilidae
539,Trochilidae
540,Trochilidae
541,Trochilidae
542,Trochilidae
543,Trochilidae
544,Trochilidae
545,Trochilidae
546,Trochilidae
547,Trochilidae
548,Trochilidae
549,Trochilidae
550,Trochilidae
551,Trochilidae
552,Trochilidae
553,Trochilidae
554,Trochilidae
555,Trochilidae
556,Trochilidae
557,Trochilidae
558,Trochilidae
559,Trochilidae
560,Trochilidae
561,Trochilidae
562,Trochilidae
563,Trochilidae
564,Trochilidae
565,Trochilidae
566,Trochilidae
567,Trochilidae
568,Trochilidae
569,Trochilidae
570,Trochilidae
571,Trochilidae
572,Trochilidae
573,Trochilidae
574,Trochilidae
575,Trochilidae
576,Trochilidae
577,Trochilidae
578,Trochilidae
579,Trochilidae
580,Trochilidae
581,Trochilidae
582,Trochilidae
583,Trochilidae
584,Trochilidae
585,Trochilidae
586,Trochilidae
587,Trochilidae
588,Trochilidae
589,Trochilidae
590,Trochilidae
591,Trochilidae
592,Trochilidae
593,Trochilidae
594,Trochilidae
595,Trochilidae
596,Trochilidae
597,Trochilidae
598,Trochilidae
599,Trochilidae
600,Trochilidae
601,Trochilidae
602,Trochilidae
603,Trochilidae
604,Trochilidae
605,Burhinidae
606,Scolopacidae
607,Ciconiidae
608,Phoenicopteridae
609,Phoenicopteridae
610,Phoenicopteridae
611,Phoenicopteridae
612,Threskiornithidae
613,Threskiornithidae
614,Accipitridae
615,Accipitridae
616,Accipitridae
617,Accipitridae
618,Accipitridae
619,Accipitridae
620,Accipitridae
621,Accipitridae
622,Accipitridae
623,Accipitridae
624,Accipitridae
625,Accipitridae
626,Accipitridae
627,Accipitridae
628,Accipitridae
629,Accipitridae
630,Accipitridae
631,Accipitridae
632,Accipitridae
633,Accipitridae
634,Accipitridae
635,Accipitridae
636,Accipitridae
637,Accipitridae
638,Accipitridae
639,Accipitridae
640,Accipitridae
641,Accipitridae
642,Accipitridae
643,Accipitridae
644,Accipitridae
645,Accipitridae
646,Accipitridae
647,Accipitridae
648,Accipitridae
649,Accipitridae
650,Accipitridae
651,Accipitridae
652,Accipitridae
653,Accipitridae
654,Accipitridae
655,Accipitridae
656,Accipitridae
657,Accipitridae
658,Accipitridae
659,Accipitridae
660,Accipitridae
661,Accipitridae
662,Accipitridae
663,Accipitridae
664,Accipitridae
665,Accipitridae
666,Accipitridae
667,Accipitridae
668,Accipitridae
669,Accipitridae
670,Accipitridae
671,Accipitridae
672,Accipitridae
673,Accipitridae
674,Accipitridae
675,Accipitridae
676,Accipitridae
677,Accipitridae
678,Accipitridae
679,Cathartidae
680,Cathartidae
681,Falconidae
682,Falconidae
683,Falconidae
684,Falconidae
685,Falconidae
686,Falconidae
687,Falconidae
688,Falconidae
689,Falconidae
690,Falconidae
691,Falconidae
692,Falconidae
693,Falconidae
694,Falconidae
695,Falconidae
696,Falconidae
697,Falconidae
698,Falconidae
699,Falconidae
700,Falconidae
701,Falconidae
702,Falconidae
703,Falconidae
704,Falconidae
705,Falconidae
706,Falconidae
707,Pandionidae
708,Cracidae
709,Cracidae
710,Cracidae
711,Cracidae
712,Cracidae
713,Cracidae
714,Cracidae
715,Cracidae
716,Cracidae
717,Cracidae
718,Cracidae
719,Cracidae
720,Cracidae
721,Cracidae
722,Phasianidae
723,Phasianidae
724,Gruidae
725,Gruidae
726,Cotingidae
727,Cotingidae
728,Cotingidae
729,Cotingidae
730,Cotingidae
731,Cotingidae
732,Emberizidae
733,Emberizidae
734,Emberizidae
735,Emberizidae
736,Estrildidae
737,Fringillidae
738,Fringillidae
739,Icteridae
740,Paradisaeidae
741,Capitonidae
742,Ramphastidae
743,Ramphastidae
744,Ramphastidae
745,Ramphastidae
746,Ramphastidae
747,Ramphastidae
748,Ramphastidae
749,Ramphastidae
750,Ramphastidae
751,Ramphastidae
752,Podicipedidae
753,Psittacidae
754,Psittacidae
755,Psittacidae
756,Psittacidae
757,Psittacidae
758,Psittacidae
759,Psittacidae
760,Psittacidae
761,Psittacidae
762,Psittacidae
763,Psittacidae
764,Psittacidae
765,Psittacidae
766,Psittacidae
767,Psittacidae
768,Psittacidae
769,Psittacidae
770,Psittacidae
771,Psittacidae
772,Psittacidae
773,Psittacidae
774,Psittacidae
775,Psittacidae
776,Psittacidae
777,Psittacidae
778,Psittacidae
779,Psittacidae
780,Psittacidae
781,Psittacidae
782,Psittacidae
783,Psittacidae
784,Psittacidae
785,Psittacidae
786,Psittacidae
787,Psittacidae
788,Psittacidae
789,Psittacidae
790,Psittacidae
791,Psittacidae
792,Psittacidae
793,Psittacidae
794,Psittacidae
795,Psittacidae
796,Psittacidae
797,Psittacidae
798,Psittacidae
799,Psittacidae
800,Psittacidae
801,Psittacidae
802,Psittacidae
803,Psittacidae
804,Psittacidae
805,Psittacidae
806,Psittacidae
807,Psittacidae
808,Psittacidae
809,Psittacidae
810,Psittacidae
811,Psittacidae
812,Psittacidae
813,Psittacidae
814,Psittacidae
815,Psittacidae
816,Psittacidae
817,Psittacidae
818,Psittacidae
819,Psittacidae
820,Psittacidae
821,Psittacidae
822,Psittacidae
823,Psittacidae
824,Psittacidae
825,Psittacidae
826,Psittacidae
827,Psittacidae
828,Psittacidae
829,Psittacidae
830,Psittacidae
831,Psittacidae
832,Psittacidae
833,Psittacidae
834,Psittacidae
835,Psittacidae
836,Psittacidae
837,Psittacidae
838,Psittacidae
839,Psittacidae
840,Psittacidae
841,Psittacidae
842,Psittacidae
843,Psittacidae
844,Psittacidae
845,Psittacidae
846,Psittacidae
847,Psittacidae
848,Psittacidae
849,Psittacidae
850,Psittacidae
851,Psittacidae
852,Psittacidae
853,Psittacidae
854,Psittacidae
855,Psittacidae
856,Psittacidae
857,Psittacidae
858,Psittacidae
859,Psittacidae
860,Psittacidae
861,Psittacidae
862,Psittacidae
863,Psittacidae
864,Psittacidae
865,Psittacidae
866,Psittacidae
867,Psittacidae
868,Psittacidae
869,Psittacidae
870,Psittacidae
871,Psittacidae
872,Psittacidae
873,Psittacidae
874,Psittacidae
875,Psittacidae
876,Psittacidae
877,Psittacidae
878,Psittacidae
879,Psittacidae
880,Psittacidae
881,Psittacidae
882,Psittacidae
883,Psittacidae
884,Psittacidae
885,Psittacidae
886,Psittacidae
887,Psittacidae
888,Psittacidae
889,Psittacidae
890,Psittacidae
891,Psittacidae
892,Psittacidae
893,Psittacidae
894,Psittacidae
895,Psittacidae
896,Psittacidae
897,Psittacidae
898,Psittacidae
899,Psittacidae
900,Psittacidae
901,Psittacidae
902,Psittacidae
903,Rheidae
904,Rheidae
905,Rheidae
906,Spheniscidae
907,Strigidae
908,Strigidae
909,Strigidae
910,Strigidae
911,Strigidae
912,Strigidae
913,Strigidae
914,Strigidae
915,Strigidae
916,Strigidae
917,Strigidae
918,Strigidae
919,Strigidae
920,Strigidae
921,Strigidae
922,Strigidae
923,Strigidae
924,Strigidae
925,Strigidae
926,Strigidae
927,Strigidae
928,Strigidae
929,Strigidae
930,Strigidae
931,Strigidae
932,Strigidae
933,Strigidae
934,Strigidae
935,Strigidae
936,Strigidae
937,Strigidae
938,Strigidae
939,Strigidae
940,Strigidae
941,Strigidae
942,Strigidae
943,Strigidae
944,Strigidae
945,Strigidae
946,Strigidae
947,Strigidae
948,Strigidae
949,Strigidae
950,Strigidae
951,Strigidae
952,Strigidae
953,Strigidae
954,Strigidae
955,Strigidae
956,Strigidae
957,Strigidae
958,Strigidae
959,Strigidae
960,Strigidae
961,Strigidae
962,Strigidae
963,Tytonidae
964,Tytonidae
965,Tinamidae
966,Trogonidae
967,Alligatoridae
968,Alligatoridae
969,Alligatoridae
970,Alligatoridae
971,Alligatoridae
972,Alligatoridae
973,Crocodylidae
974,Crocodylidae
975,Crocodylidae
976,Crocodylidae
977,Anguidae
978,Anguidae
979,Anguidae
980,Anguidae
981,Anguidae
982,Anguidae
983,Helodermatidae
984,Helodermatidae
985,Iguanidae
986,Iguanidae
987,Iguanidae
988,Iguanidae
989,Iguanidae
990,Iguanidae
991,Iguanidae
992,Iguanidae
993,Iguanidae
994,Iguanidae
995,Iguanidae
996,Iguanidae
997,Iguanidae
998,Iguanidae
999,Iguanidae
1000,Iguanidae
1001,Iguanidae
1002,Teiidae
1003,Teiidae
1004,Teiidae
1005,Teiidae
1006,Teiidae
1007,Teiidae
1008,Teiidae
1009,Teiidae
1010,Teiidae
1011,Teiidae
1012,Boidae
1013,Boidae
1014,Boidae
1015,Boidae
1016,Boidae
1017,Boidae
1018,Boidae
1019,Boidae
1020,Boidae
1021,Boidae
1022,Boidae
1023,Boidae
1024,Boidae
1025,Boidae
1026,Boidae
1027,Boidae
1028,Boidae
1029,Boidae
1030,Boidae
1031,Boidae
1032,Boidae
1033,Boidae
1034,Boidae
1035,Boidae
1036,Boidae
1037,Boidae
1038,Colubridae
1039,Colubridae
1040,Elapidae
1041,Elapidae
1042,Elapidae
1043,Loxocemidae
1044,Tropidophiidae
1045,Tropidophiidae
1046,Tropidophiidae
1047,Tropidophiidae
1048,Tropidophiidae
1049,Tropidophiidae
1050,Tropidophiidae
1051,Tropidophiidae
1052,Tropidophiidae
1053,Tropidophiidae
1054,Tropidophiidae
1055,Tropidophiidae
1056,Tropidophiidae
1057,Tropidophiidae
1058,Tropidophiidae
1059,Tropidophiidae
1060,Tropidophiidae
1061,Tropidophiidae
1062,Tropidophiidae
1063,Tropidophiidae
1064,Tropidophiidae
1065,Tropidophiidae
1066,Tropidophiidae
1067,Tropidophiidae
1068,Tropidophiidae
1069,Tropidophiidae
1070,Tropidophiidae
1071,Tropidophiidae
1072,Tropidophiidae
1073,Tropidophiidae
1074,Viperidae
1075,Cheloniidae
1076,Cheloniidae
1077,Cheloniidae
1078,Cheloniidae
1079,Cheloniidae
1080,Dermatemydidae
1081,Dermochelyidae
1082,Podocnemididae
1083,Podocnemididae
1084,Podocnemididae
1085,Podocnemididae
1086,Podocnemididae
1087,Podocnemididae
1088,Podocnemididae
1089,Testudinidae
1090,Testudinidae
1091,Testudinidae
1092,Testudinidae
1093,Aromobatidae
1094,Aromobatidae
1095,Aromobatidae
1096,Aromobatidae
1097,Aromobatidae
1098,Bufonidae
1099,Bufonidae
1100,Calyptocephalellidae
1101,Dendrobatidae
1102,Dendrobatidae
1103,Dendrobatidae
1104,Dendrobatidae
1105,Dendrobatidae
1106,Dendrobatidae
1107,Dendrobatidae
1108,Dendrobatidae
1109,Dendrobatidae
1110,Dendrobatidae
1111,Dendrobatidae
1112,Dendrobatidae
1113,Dendrobatidae
1114,Dendrobatidae
1115,Dendrobatidae
1116,Dendrobatidae
1117,Dendrobatidae
1118,Dendrobatidae
1119,Dendrobatidae
1120,Dendrobatidae
1121,Dendrobatidae
1122,Dendrobatidae
1123,Dendrobatidae
1124,Dendrobatidae
1125,Dendrobatidae
1126,Dendrobatidae
1127,Dendrobatidae
1128,Dendrobatidae
1129,Dendrobatidae
1130,Dendrobatidae
1131,Dendrobatidae
1132,Dendrobatidae
1133,Dendrobatidae
1134,Dendrobatidae
1135,Dendrobatidae
1136,Dendrobatidae
1137,Dendrobatidae
1138,Dendrobatidae
1139,Dendrobatidae
1140,Dendrobatidae
1141,Dendrobatidae
1142,Dendrobatidae
1143,Dendrobatidae
1144,Dendrobatidae
1145,Dendrobatidae
1146,Dendrobatidae
1147,Dendrobatidae
1148,Dendrobatidae
1149,Dendrobatidae
1150,Dendrobatidae
1151,Dendrobatidae
1152,Dendrobatidae
1153,Dendrobatidae
1154,Dendrobatidae
1155,Dendrobatidae
1156,Dendrobatidae
1157,Dendrobatidae
1158,Dendrobatidae
1159,Dendrobatidae
1160,Dendrobatidae
1161,Dendrobatidae
1162,Dendrobatidae
1163,Dendrobatidae
1164,Dendrobatidae
1165,Dendrobatidae
1166,Dendrobatidae
1167,Dendrobatidae
1168,Dendrobatidae
1169,Dendrobatidae
1170,Dendrobatidae
1171,Dendrobatidae
1172,Dendrobatidae
1173,Dendrobatidae
1174,Dendrobatidae
1175,Dendrobatidae
1176,Dendrobatidae
1177,Dendrobatidae
1178,Dendrobatidae
1179,Dendrobatidae
1180,Dendrobatidae
1181,Dendrobatidae
1182,Dendrobatidae
1183,Dendrobatidae
1184,Dendrobatidae
1185,Dendrobatidae
1186,Dendrobatidae
1187,Dendrobatidae
1188,Dendrobatidae
1189,Dendrobatidae
1190,Dendrobatidae
1191,Dendrobatidae
1192,Hylidae
1193,Hylidae
1194,Hylidae
1195,Hylidae
1196,Hylidae
1197,Telmatobiidae
1198,Carcharhinidae
1199,Carcharhinidae
1200,Sphyrnidae
1201,Sphyrnidae
1202,Sphyrnidae
1203,Cetorhinidae
1204,Lamnidae
1205,Lamnidae
1206,Myliobatidae
1207,Potamotrygonidae
1208,Potamotrygonidae
1209,Potamotrygonidae
1210,Potamotrygonidae
1211,Potamotrygonidae
1212,Potamotrygonidae
1213,Potamotrygonidae
1214,Potamotrygonidae
1215,Potamotrygonidae
1216,Potamotrygonidae
1217,Potamotrygonidae
1218,Potamotrygonidae
1219,Potamotrygonidae
1220,Potamotrygonidae
1221,Potamotrygonidae
1222,Potamotrygonidae
1223,Potamotrygonidae
1224,Potamotrygonidae
1225,Potamotrygonidae
1226,Potamotrygonidae
1227,Rhincodontidae
1228,Pristidae
1229,Pristidae
1230,Pristidae
1231,Stichopodidae
1232,Theraphosidae
1233,Theraphosidae
1234,Theraphosidae
1235,Theraphosidae
1236,Theraphosidae
1237,Theraphosidae
1238,Scarabaeidae
1239,Nymphalidae
1240,Nymphalidae
1241,Nymphalidae
1242,Papilionidae
1243,Unionidae
1244,Strombidae
1245,Cepolidae
1246,Cepolidae
1247,Cepolidae
1248,Cepolidae
1249,Cepolidae
1250,Cepolidae
1251,Antipathidae
1252,Antipathidae
1253,Antipathidae
1254,Antipathidae
1255,Antipathidae
1256,Antipathidae
1257,Antipathidae
1258,Antipathidae
1259,Antipathidae
1260,Antipathidae
1261,Antipathidae
1262,Antipathidae
1263,Antipathidae
1264,Antipathidae
1265,Antipathidae
1266,Antipathidae
1267,Antipathidae
1268,Antipathidae
1269,Antipathidae
1270,Aphanipathidae
1271,Aphanipathidae
1272,Aphanipathidae
1273,Aphanipathidae
1274,Aphanipathidae
1275,Aphanipathidae
1276,Aphanipathidae
1277,Aphanipathidae
1278,Cladopathidae
1279,Cladopathidae
1280,Cladopathidae
1281,Cladopathidae
1282,Cladopathidae
1283,Leiopathidae
1284,Myriopathidae
1285,Myriopathidae
1286,Myriopathidae
1287,Myriopathidae
1288,Myriopathidae
1289,Myriopathidae
1290,Myriopathidae
1291,Myriopathidae
1292,Myriopathidae
1293,Schizopathidae
1294,Schizopathidae
1295,Schizopathidae
1296,Schizopathidae
1297,Schizopathidae
1298,Schizopathidae
1299,Schizopathidae
1300,Stylopathidae
1301,Stylopathidae
1302,Stylopathidae
1303,Stylopathidae
1304,Stylopathidae
1305,Stylopathidae
1306,Acroporidae
1307,Acroporidae
1308,Acroporidae
1309,Acroporidae
1310,Agariciidae
1311,Agariciidae
1312,Agariciidae
1313,Agariciidae
1314,Agariciidae
1315,Agariciidae
1316,Agariciidae
1317,Agariciidae
1318,Agariciidae
1319,Agariciidae
1320,Agariciidae
1321,Agariciidae
1322,Agariciidae
1323,Agariciidae
1324,Agariciidae
1325,Agariciidae
1326,Agariciidae
1327,Agariciidae
1328,Agariciidae
1329,Agariciidae
1330,Agariciidae
1331,Agariciidae
1332,Agariciidae
1333,Agariciidae
1334,Anthemiphylliidae
1335,Astrocoeniidae
1336,Caryophylliidae
1337,Caryophylliidae
1338,Caryophylliidae
1339,Caryophylliidae
1340,Caryophylliidae
1341,Caryophylliidae
1342,Caryophylliidae
1343,Caryophylliidae
1344,Caryophylliidae
1345,Caryophylliidae
1346,Caryophylliidae
1347,Caryophylliidae
1348,Caryophylliidae
1349,Caryophylliidae
1350,Caryophylliidae
1351,Caryophylliidae
1352,Caryophylliidae
1353,Caryophylliidae
1354,Caryophylliidae
1355,Caryophylliidae
1356,Caryophylliidae
1357,Caryophylliidae
1358,Caryophylliidae
1359,Caryophylliidae
1360,Caryophylliidae
1361,Caryophylliidae
1362,Caryophylliidae
1363,Caryophylliidae
1364,Caryophylliidae
1365,Caryophylliidae
1366,Caryophylliidae
1367,Caryophylliidae
1368,Caryophylliidae
1369,Caryophylliidae
1370,Caryophylliidae
1371,Caryophylliidae
1372,Caryophylliidae
1373,Caryophylliidae
1374,Caryophylliidae
1375,Caryophylliidae
1376,Caryophylliidae
1377,Caryophylliidae
1378,Caryophylliidae
1379,Caryophylliidae
1380,Caryophylliidae
1381,Caryophylliidae
1382,Caryophylliidae
1383,Caryophylliidae
1384,Caryophylliidae
1385,Caryophylliidae
1386,Caryophylliidae
1387,Caryophylliidae
1388,Caryophylliidae
1389,Caryophylliidae
1390,Caryophylliidae
1391,Caryophylliidae
1392,Caryophylliidae
1393,Caryophylliidae
1394,Caryophylliidae
1395,Caryophylliidae
1396,Caryophylliidae
1397,Caryophylliidae
1398,Caryophylliidae
1399,Caryophylliidae
1400,Caryophylliidae
1401,Caryophylliidae
1402,Caryophylliidae
1403,Caryophylliidae
1404,Caryophylliidae
1405,Caryophylliidae
1406,Caryophylliidae
1407,Caryophylliidae
1408,Caryophylliidae
1409,Caryophylliidae
1410,Caryophylliidae
1411,Caryophylliidae
1412,Caryophylliidae
1413,Caryophylliidae
1414,Caryophylliidae
1415,Caryophylliidae
1416,Caryophylliidae
1417,Caryophylliidae
1418,Dendrophylliidae
1419,Dendrophylliidae
1420,Dendrophylliidae
1421,Dendrophylliidae
1422,Dendrophylliidae
1423,Dendrophylliidae
1424,Dendrophylliidae
1425,Dendrophylliidae
1426,Dendrophylliidae
1427,Dendrophylliidae
1428,Dendrophylliidae
1429,Dendrophylliidae
1430,Dendrophylliidae
1431,Dendrophylliidae
1432,Dendrophylliidae
1433,Dendrophylliidae
1434,Dendrophylliidae
1435,Dendrophylliidae
1436,Dendrophylliidae
1437,Dendrophylliidae
1438,Dendrophylliidae
1439,Dendrophylliidae
1440,Dendrophylliidae
1441,Dendrophylliidae
1442,Dendrophylliidae
1443,Dendrophylliidae
1444,Dendrophylliidae
1445,Dendrophylliidae
1446,Dendrophylliidae
1447,Dendrophylliidae
1448,Dendrophylliidae
1449,Dendrophylliidae
1450,Dendrophylliidae
1451,Dendrophylliidae
1452,Dendrophylliidae
1453,Dendrophylliidae
1454,Dendrophylliidae
1455,Dendrophylliidae
1456,Dendrophylliidae
1457,Faviidae
1458,Faviidae
1459,Faviidae
1460,Faviidae
1461,Faviidae
1462,Faviidae
1463,Faviidae
1464,Faviidae
1465,Faviidae
1466,Faviidae
1467,Faviidae
1468,Faviidae
1469,Faviidae
1470,Faviidae
1471,Faviidae
1472,Faviidae
1473,Faviidae
1474,Faviidae
1475,Flabellidae
1476,Flabellidae
1477,Flabellidae
1478,Flabellidae
1479,Flabellidae
1480,Flabellidae
1481,Flabellidae
1482,Flabellidae
1483,Flabellidae
1484,Flabellidae
1485,Flabellidae
1486,Flabellidae
1487,Flabellidae
1488,Flabellidae
1489,Flabellidae
1490,Fungiacyathidae
1491,Fungiacyathidae
1492,Fungiacyathidae
1493,Fungiacyathidae
1494,Fungiacyathidae
1495,Fungiidae
1496,Fungiidae
1497,Fungiidae
1498,Fungiidae
1499,Gardineriidae
1500,Gardineriidae
1501,Gardineriidae
1502,Guyniidae
1503,Guyniidae
1504,Guyniidae
1505,Guyniidae
1506,Meandriniidae
1507,Meandriniidae
1508,Meandriniidae
1509,Meandriniidae
1510,Meandriniidae
1511,Micrabaciidae
1512,Micrabaciidae
1513,Mussidae
1514,Mussidae
1515,Mussidae
1516,Mussidae
1517,Mussidae
1518,Mussidae
1519,Mussidae
1520,Mussidae
1521,Mussidae
1522,Mussidae
1523,Mussidae
1524,Mussidae
1525,Mussidae
1526,Mussidae
1527,Oculinidae
1528,Oculinidae
1529,Oculinidae
1530,Oculinidae
1531,Oculinidae
1532,Oculinidae
1533,Oculinidae
1534,Oculinidae
1535,Oculinidae
1536,Oculinidae
1537,Pocilloporidae
1538,Pocilloporidae
1539,Pocilloporidae
1540,Pocilloporidae
1541,Pocilloporidae
1542,Pocilloporidae
1543,Pocilloporidae
1544,Pocilloporidae
1545,Pocilloporidae
1546,Pocilloporidae
1547,Pocilloporidae
1548,Pocilloporidae
1549,Pocilloporidae
1550,Pocilloporidae
1551,Pocilloporidae
1552,Pocilloporidae
1553,Pocilloporidae
1554,Pocilloporidae
1555,Pocilloporidae
1556,Pocilloporidae
1557,Poritidae
1558,Poritidae
1559,Poritidae
1560,Poritidae
1561,Poritidae
1562,Poritidae
1563,Poritidae
1564,Poritidae
1565,Poritidae
1566,Rhizangiidae
1567,Rhizangiidae
1568,Rhizangiidae
1569,Rhizangiidae
1570,Rhizangiidae
1571,Rhizangiidae
1572,Rhizangiidae
1573,Rhizangiidae
1574,Rhizangiidae
1575,Rhizangiidae
1576,Rhizangiidae
1577,Rhizangiidae
1578,Siderastreidae
1579,Siderastreidae
1580,Siderastreidae
1581,Siderastreidae
1582,Siderastreidae
1583,Siderastreidae
1584,Siderastreidae
1585,Siderastreidae
1586,Siderastreidae
1587,Siderastreidae
1588,Turbinoliidae
1589,Turbinoliidae
1590,Turbinoliidae
1591,Turbinoliidae
1592,Turbinoliidae
1593,Turbinoliidae
1594,Turbinoliidae
1595,Turbinoliidae
1596,Milleporidae
1597,Milleporidae
1598,Milleporidae
1599,Milleporidae
1600,Milleporidae
1601,Milleporidae
1602,Milleporidae
1603,Milleporidae
1604,Milleporidae
1605,Stylasteridae
1606,Stylasteridae
1607,Stylasteridae
1608,Stylasteridae
1609,Stylasteridae
1610,Stylasteridae
1611,Stylasteridae
1612,Stylasteridae
1613,Stylasteridae
1614,Stylasteridae
1615,Stylasteridae
1616,Stylasteridae
1617,Stylasteridae
1618,Stylasteridae
1619,Stylasteridae
1620,Stylasteridae
1621,Stylasteridae
1622,Stylasteridae
1623,Stylasteridae
1624,Stylasteridae
1625,Stylasteridae
1626,Stylasteridae
1627,Stylasteridae
1628,Stylasteridae
1629,Stylasteridae
1630,Stylasteridae
1631,Stylasteridae
1632,Stylasteridae
1633,Stylasteridae
1634,Stylasteridae
1635,Stylasteridae
1636,Stylasteridae
1637,Stylasteridae
1638,Stylasteridae
1639,Stylasteridae
1640,Stylasteridae
1641,Stylasteridae
1642,Stylasteridae
1643,Stylasteridae
1644,Stylasteridae
1645,Stylasteridae
1646,Stylasteridae
1647,Stylasteridae
1648,Stylasteridae
1649,Stylasteridae
1650,Stylasteridae
1651,Stylasteridae
1652,Stylasteridae
1653,Stylasteridae
1654,Stylasteridae
1655,Stylasteridae
1656,Stylasteridae
1657,Stylasteridae
1658,Stylasteridae
1659,Stylasteridae
1660,Stylasteridae
1661,Stylasteridae
1662,Stylasteridae
1663,Stylasteridae
1664,Stylasteridae
1665,Stylasteridae
1666,Stylasteridae
