id_genus,Genus
2,Arapaima
3,Hippocampus
4,Hippocampus
5,Hippocampus
6,Hippocampus
7,Hippocampus
8,Antilope
9,Lama
10,Vicugna
11,Blastocerus
12,Hippocamelus
13,Hippocamelus
14,Mazama
15,Odocoileus
16,Ozotoceros
17,Pudu
18,Pudu
19,Catagonus
20,Pecari
21,Tayassu
22,Cerdocyon
23,Chrysocyon
24,Lycalopex
25,Lycalopex
26,Lycalopex
27,Lycalopex
28,Speothos
29,Leopardus
30,Leopardus
31,Leopardus
32,Leopardus
33,Leopardus
34,Leopardus
35,Leopardus
36,Leopardus
37,Leopardus
38,Panthera
39,Puma
40,Puma
41,Puma
42,Puma
43,Herpestes
44,Herpestes
45,Conepatus
46,Lontra
47,Lontra
48,Lontra
49,Pteronura
50,Eira
51,Galictis
52,Arctocephalus
53,Arctocephalus
54,Arctocephalus
55,Arctocephalus
56,Arctocephalus
57,Mirounga
58,Monachus
59,Bassaricyon
60,Bassariscus
61,Nasua
62,Nasua
63,Potos
64,Tremarctos
65,Eubalaena
66,Eubalaena
67,Balaenoptera
68,Balaenoptera
69,Balaenoptera
70,Balaenoptera
71,Balaenoptera
72,Balaenoptera
73,Megaptera
74,Cephalorhynchus
75,Cephalorhynchus
76,Delphinus
77,Delphinus
78,Feresa
79,Globicephala
80,Globicephala
81,Grampus
82,Lagenodelphis
83,Lagenorhynchus
84,Lagenorhynchus
85,Lagenorhynchus
86,Lissodelphis
87,Orcinus
88,Peponocephala
89,Pseudorca
90,Sotalia
91,Sotalia
92,Stenella
93,Stenella
94,Stenella
95,Stenella
96,Stenella
97,Steno
98,Tursiops
99,Inia
100,Pontoporia
101,Caperea
102,Phocoena
103,Phocoena
104,Kogia
105,Kogia
106,Physeter
107,Berardius
108,Hyperoodon
109,Mesoplodon
110,Mesoplodon
111,Mesoplodon
112,Mesoplodon
113,Mesoplodon
114,Mesoplodon
115,Mesoplodon
116,Mesoplodon
117,Mesoplodon
118,Mesoplodon
119,Mesoplodon
120,Tasmacetus
121,Ziphius
122,Platyrrhinus
123,Cabassous
124,Cabassous
125,Chaetophractus
126,Priodontes
127,Tapirus
128,Tapirus
129,Tapirus
130,Bradypus
131,Bradypus
132,Choloepus
133,Myrmecophaga
134,Tamandua
135,Aotus
136,Aotus
137,Aotus
138,Aotus
139,Aotus
140,Aotus
141,Aotus
142,Aotus
143,Aotus
144,Alouatta
145,Alouatta
146,Alouatta
147,Alouatta
148,Alouatta
149,Alouatta
150,Alouatta
151,Alouatta
152,Alouatta
153,Alouatta
154,Ateles
155,Ateles
156,Ateles
157,Ateles
158,Ateles
159,Ateles
160,Ateles
161,Ateles
162,Ateles
163,Brachyteles
164,Brachyteles
165,Lagothrix
166,Lagothrix
167,Lagothrix
168,Lagothrix
169,Oreonax
170,Callimico
171,Callithrix
172,Callithrix
173,Callithrix
174,Callithrix
175,Callithrix
176,Callithrix
177,Callithrix
178,Callithrix
179,Callithrix
180,Callithrix
181,Callithrix
182,Callithrix
183,Callithrix
184,Callithrix
185,Callithrix
186,Callithrix
187,Callithrix
188,Callithrix
189,Callithrix
190,Callithrix
191,Callithrix
192,Cebus
193,Cebus
194,Cebus
195,Cebus
196,Cebus
197,Cebus
198,Cebus
199,Cebus
200,Cebus
201,Leontopithecus
202,Leontopithecus
203,Leontopithecus
204,Leontopithecus
205,Mico
206,Saguinus
207,Saguinus
208,Saguinus
209,Saguinus
210,Saguinus
211,Saguinus
212,Saguinus
213,Saguinus
214,Saguinus
215,Saguinus
216,Saguinus
217,Saguinus
218,Saguinus
219,Saguinus
220,Saguinus
221,Saguinus
222,Saguinus
223,Saguinus
224,Saimiri
225,Saimiri
226,Saimiri
227,Saimiri
228,Saimiri
229,Saimiri
230,Cercopithecus
231,Chlorocebus
232,Cacajao
233,Cacajao
234,Cacajao
235,Callicebus
236,Callicebus
237,Callicebus
238,Callicebus
239,Callicebus
240,Callicebus
241,Callicebus
242,Callicebus
243,Callicebus
244,Callicebus
245,Callicebus
246,Callicebus
247,Callicebus
248,Callicebus
249,Callicebus
250,Callicebus
251,Callicebus
252,Callicebus
253,Callicebus
254,Callicebus
255,Callicebus
256,Callicebus
257,Callicebus
258,Callicebus
259,Callicebus
260,Callicebus
261,Callicebus
262,Callicebus
263,Callicebus
264,Callicebus
265,Chiropotes
266,Chiropotes
267,Chiropotes
268,Chiropotes
269,Chiropotes
270,Pithecia
271,Pithecia
272,Pithecia
273,Pithecia
274,Pithecia
275,Pithecia
276,Pithecia
277,Pithecia
278,Pithecia
279,Pithecia
280,Pithecia
281,Chinchilla
282,Chinchilla
283,Cuniculus
284,Dasyprocta
285,Sphiggurus
286,Sphiggurus
287,Sciurus
288,Trichechus
289,Trichechus
290,Coscoroba
291,Cygnus
292,Dendrocygna
293,Dendrocygna
294,Dendrocygna
295,Sarkidiornis
296,Abeillia
297,Adelomyia
298,Aglaeactis
299,Aglaeactis
300,Aglaeactis
301,Aglaeactis
302,Aglaiocercus
303,Aglaiocercus
304,Amazilia
305,Amazilia
306,Amazilia
307,Amazilia
308,Amazilia
309,Amazilia
310,Amazilia
311,Amazilia
312,Amazilia
313,Amazilia
314,Amazilia
315,Amazilia
316,Amazilia
317,Amazilia
318,Amazilia
319,Amazilia
320,Amazilia
321,Amazilia
322,Amazilia
323,Amazilia
324,Amazilia
325,Amazilia
326,Amazilia
327,Amazilia
328,Amazilia
329,Amazilia
330,Amazilia
331,Amazilia
332,Amazilia
333,Amazilia
334,Amazilia
335,Androdon
336,Anopetia
337,Anthocephala
338,Anthracothorax
339,Anthracothorax
340,Anthracothorax
341,Anthracothorax
342,Anthracothorax
343,Anthracothorax
344,Anthracothorax
345,Aphantochroa
346,Archilochus
347,Atthis
348,Augastes
349,Augastes
350,Basilinna
351,Boissonneaua
352,Boissonneaua
353,Boissonneaua
354,Calliphlox
355,Calliphlox
356,Calliphlox
357,Calliphlox
358,Campylopterus
359,Campylopterus
360,Campylopterus
361,Campylopterus
362,Campylopterus
363,Campylopterus
364,Campylopterus
365,Campylopterus
366,Campylopterus
367,Campylopterus
368,Campylopterus
369,Chaetocercus
370,Chaetocercus
371,Chaetocercus
372,Chaetocercus
373,Chaetocercus
374,Chaetocercus
375,Chalcostigma
376,Chalcostigma
377,Chalcostigma
378,Chalcostigma
379,Chalcostigma
380,Chalybura
381,Chalybura
382,Chlorostilbon
383,Chlorostilbon
384,Chlorostilbon
385,Chlorostilbon
386,Chlorostilbon
387,Chlorostilbon
388,Chlorostilbon
389,Chlorostilbon
390,Chlorostilbon
391,Chlorostilbon
392,Chlorostilbon
393,Chlorostilbon
394,Chrysolampis
395,Chrysuronia
396,Clytolaema
397,Coeligena
398,Coeligena
399,Coeligena
400,Coeligena
401,Coeligena
402,Coeligena
403,Coeligena
404,Coeligena
405,Coeligena
406,Coeligena
407,Colibri
408,Colibri
409,Colibri
410,Colibri
411,Cyanophaia
412,Damophila
413,Discosura
414,Discosura
415,Discosura
416,Discosura
417,Discosura
418,Doricha
419,Doryfera
420,Doryfera
421,Elvira
422,Elvira
423,Ensifera
424,Eriocnemis
425,Eriocnemis
426,Eriocnemis
427,Eriocnemis
428,Eriocnemis
429,Eriocnemis
430,Eriocnemis
431,Eriocnemis
432,Eriocnemis
433,Eriocnemis
434,Eriocnemis
435,Eugenes
436,Eulampis
437,Eulampis
438,Eulidia
439,Eupetomena
440,Eupherusa
441,Eupherusa
442,Eutoxeres
443,Eutoxeres
444,Florisuga
445,Florisuga
446,Glaucis
447,Glaucis
448,Glaucis
449,Goethalsia
450,Goldmania
451,Haplophaedia
452,Haplophaedia
453,Haplophaedia
454,Heliactin
455,Heliangelus
456,Heliangelus
457,Heliangelus
458,Heliangelus
459,Heliangelus
460,Heliangelus
461,Heliangelus
462,Heliangelus
463,Heliodoxa
464,Heliodoxa
465,Heliodoxa
466,Heliodoxa
467,Heliodoxa
468,Heliodoxa
469,Heliodoxa
470,Heliodoxa
471,Heliodoxa
472,Heliomaster
473,Heliomaster
474,Heliomaster
475,Heliomaster
476,Heliothryx
477,Heliothryx
478,Hylocharis
479,Hylocharis
480,Hylocharis
481,Hylocharis
482,Hylocharis
483,Hylonympha
484,Klais
485,Lafresnaya
486,Lampornis
487,Lampornis
488,Lampornis
489,Lampornis
490,Lampornis
491,Lampornis
492,Lamprolaima
493,Lepidopyga
494,Lepidopyga
495,Lepidopyga
496,Lesbia
497,Lesbia
498,Leucippus
499,Leucippus
500,Leucippus
501,Leucippus
502,Leucochloris
503,Loddigesia
504,Lophornis
505,Lophornis
506,Lophornis
507,Lophornis
508,Lophornis
509,Lophornis
510,Lophornis
511,Lophornis
512,Lophornis
513,Mellisuga
514,Mellisuga
515,Metallura
516,Metallura
517,Metallura
518,Metallura
519,Metallura
520,Metallura
521,Metallura
522,Metallura
523,Metallura
524,Microchera
525,Microstilbon
526,Myrmia
527,Myrtis
528,Ocreatus
529,Opisthoprora
530,Oreonympha
531,Oreotrochilus
532,Oreotrochilus
533,Oreotrochilus
534,Oreotrochilus
535,Oreotrochilus
536,Orthorhyncus
537,Oxypogon
538,Panterpe
539,Patagona
540,Phaethornis
541,Phaethornis
542,Phaethornis
543,Phaethornis
544,Phaethornis
545,Phaethornis
546,Phaethornis
547,Phaethornis
548,Phaethornis
549,Phaethornis
550,Phaethornis
551,Phaethornis
552,Phaethornis
553,Phaethornis
554,Phaethornis
555,Phaethornis
556,Phaethornis
557,Phaethornis
558,Phaethornis
559,Phaethornis
560,Phaethornis
561,Phaethornis
562,Phaethornis
563,Phaethornis
564,Phaethornis
565,Phaethornis
566,Phlogophilus
567,Phlogophilus
568,Polyonymus
569,Polytmus
570,Polytmus
571,Polytmus
572,Pterophanes
573,Ramphodon
574,Ramphomicron
575,Ramphomicron
576,Rhodopis
577,Sappho
578,Schistes
579,Selasphorus
580,Selasphorus
581,Selasphorus
582,Selasphorus
583,Selasphorus
584,Sephanoides
585,Sephanoides
586,Stephanoxis
587,Sternoclyta
588,Taphrolesbia
589,Taphrospilus
590,Thalurania
591,Thalurania
592,Thalurania
593,Thalurania
594,Thalurania
595,Thaumastura
596,Threnetes
597,Threnetes
598,Tilmatura
599,Topaza
600,Topaza
601,Trochilus
602,Trochilus
603,Urochroa
604,Urosticte
605,Burhinus
606,Numenius
607,Jabiru
608,Phoenicoparrus
609,Phoenicoparrus
610,Phoenicopterus
611,Phoenicopterus
612,Eudocimus
613,Platalea
614,Accipiter
615,Accipiter
616,Accipiter
617,Accipiter
618,Accipiter
619,Accipiter
620,Accipiter
621,Asturina
622,Busarellus
623,Buteo
624,Buteo
625,Buteo
626,Buteo
627,Buteo
628,Buteo
629,Buteo
630,Buteo
631,Buteo
632,Buteo
633,Buteo
634,Buteo
635,Buteo
636,Buteo
637,Buteogallus
638,Buteogallus
639,Buteogallus
640,Buteogallus
641,Buteogallus
642,Chondrohierax
643,Chondrohierax
644,Circus
645,Circus
646,Circus
647,Elanoides
648,Elanus
649,Gampsonyx
650,Geranoaetus
651,Geranospiza
652,Haliaeetus
653,Harpagus
654,Harpagus
655,Harpia
656,Harpyhaliaetus
657,Harpyhaliaetus
658,Ictinia
659,Ictinia
660,Leptodon
661,Leucopternis
662,Leucopternis
663,Leucopternis
664,Leucopternis
665,Leucopternis
666,Leucopternis
667,Leucopternis
668,Leucopternis
669,Leucopternis
670,Leucopternis
671,Morphnus
672,Oroaetus
673,Parabuteo
674,Rostrhamus
675,Rostrhamus
676,Spizaetus
677,Spizaetus
678,Spizastur
679,Sarcoramphus
680,Vultur
681,Caracara
682,Caracara
683,Daptrius
684,Falco
685,Falco
686,Falco
687,Falco
688,Falco
689,Falco
690,Falco
691,Herpetotheres
692,Ibycter
693,Micrastur
694,Micrastur
695,Micrastur
696,Micrastur
697,Micrastur
698,Micrastur
699,Micrastur
700,Milvago
701,Milvago
702,Phalcoboenus
703,Phalcoboenus
704,Phalcoboenus
705,Phalcoboenus
706,Spiziapteryx
707,Pandion
708,Crax
709,Crax
710,Crax
711,Crax
712,Crax
713,Mitu
714,Oreophasis
715,Ortalis
716,Pauxi
717,Penelope
718,Penelope
719,Penelopina
720,Pipile
721,Pipile
722,Meleagris
723,Pavo
724,Grus
725,Grus
726,Cephalopterus
727,Cephalopterus
728,Cotinga
729,Rupicola
730,Rupicola
731,Xipholena
732,Gubernatrix
733,Paroaria
734,Paroaria
735,Tangara
736,Lonchura
737,Carduelis
738,Carduelis
739,Xanthopsar
740,Paradisaea
741,Semnornis
742,Baillonius
743,Pteroglossus
744,Pteroglossus
745,Pteroglossus
746,Ramphastos
747,Ramphastos
748,Ramphastos
749,Ramphastos
750,Ramphastos
751,Selenidera
752,Podilymbus
753,Amazona
754,Amazona
755,Amazona
756,Amazona
757,Amazona
758,Amazona
759,Amazona
760,Amazona
761,Amazona
762,Amazona
763,Amazona
764,Amazona
765,Amazona
766,Amazona
767,Amazona
768,Amazona
769,Amazona
770,Amazona
771,Amazona
772,Amazona
773,Amazona
774,Amazona
775,Amazona
776,Amazona
777,Amazona
778,Amazona
779,Amazona
780,Amazona
781,Anodorhynchus
782,Anodorhynchus
783,Anodorhynchus
784,Ara
785,Ara
786,Ara
787,Ara
788,Ara
789,Ara
790,Ara
791,Ara
792,Aratinga
793,Aratinga
794,Aratinga
795,Aratinga
796,Aratinga
797,Aratinga
798,Aratinga
799,Aratinga
800,Aratinga
801,Aratinga
802,Aratinga
803,Aratinga
804,Aratinga
805,Aratinga
806,Aratinga
807,Aratinga
808,Aratinga
809,Aratinga
810,Aratinga
811,Aratinga
812,Bolborhynchus
813,Bolborhynchus
814,Bolborhynchus
815,Brotogeris
816,Brotogeris
817,Brotogeris
818,Brotogeris
819,Brotogeris
820,Brotogeris
821,Brotogeris
822,Brotogeris
823,Cyanoliseus
824,Cyanopsitta
825,Deroptyus
826,Diopsittaca
827,Enicognathus
828,Enicognathus
829,Forpus
830,Forpus
831,Forpus
832,Forpus
833,Forpus
834,Forpus
835,Graydidascalus
836,Guarouba
837,Hapalopsittaca
838,Hapalopsittaca
839,Hapalopsittaca
840,Hapalopsittaca
841,Leptosittaca
842,Myiopsitta
843,Nandayus
844,Nannopsittaca
845,Nannopsittaca
846,Ognorhynchus
847,Orthopsittaca
848,Pionites
849,Pionites
850,Pionopsitta
851,Pionopsitta
852,Pionopsitta
853,Pionopsitta
854,Pionopsitta
855,Pionopsitta
856,Pionopsitta
857,Pionopsitta
858,Pionus
859,Pionus
860,Pionus
861,Pionus
862,Pionus
863,Pionus
864,Pionus
865,Primolius
866,Primolius
867,Primolius
868,Psilopsiagon
869,Psilopsiagon
870,Pyrrhura
871,Pyrrhura
872,Pyrrhura
873,Pyrrhura
874,Pyrrhura
875,Pyrrhura
876,Pyrrhura
877,Pyrrhura
878,Pyrrhura
879,Pyrrhura
880,Pyrrhura
881,Pyrrhura
882,Pyrrhura
883,Pyrrhura
884,Pyrrhura
885,Pyrrhura
886,Pyrrhura
887,Pyrrhura
888,Pyrrhura
889,Pyrrhura
890,Pyrrhura
891,Pyrrhura
892,Pyrrhura
893,Pyrrhura
894,Touit
895,Touit
896,Touit
897,Touit
898,Touit
899,Touit
900,Touit
901,Touit
902,Triclaria
903,Pterocnemia
904,Pterocnemia
905,Rhea
906,Spheniscus
907,Aegolius
908,Aegolius
909,Asio
910,Asio
911,Asio
912,Athene
913,Bubo
914,Ciccaba
915,Ciccaba
916,Glaucidium
917,Glaucidium
918,Glaucidium
919,Glaucidium
920,Glaucidium
921,Glaucidium
922,Glaucidium
923,Glaucidium
924,Glaucidium
925,Glaucidium
926,Glaucidium
927,Glaucidium
928,Glaucidium
929,Glaucidium
930,Gymnoglaux
931,Lophostrix
932,Otus
933,Otus
934,Otus
935,Otus
936,Otus
937,Otus
938,Otus
939,Otus
940,Otus
941,Otus
942,Otus
943,Otus
944,Otus
945,Otus
946,Otus
947,Otus
948,Otus
949,Otus
950,Otus
951,Pseudoscops
952,Pseudoscops
953,Pulsatrix
954,Pulsatrix
955,Pulsatrix
956,Strix
957,Strix
958,Strix
959,Strix
960,Strix
961,Strix
962,Xenoglaux
963,Tyto
964,Tyto
965,Tinamus
966,Pharomachrus
967,Caiman
968,Caiman
969,Caiman
970,Melanosuchus
971,Paleosuchus
972,Paleosuchus
973,Crocodylus
974,Crocodylus
975,Crocodylus
976,Crocodylus
977,Abronia
978,Abronia
979,Abronia
980,Abronia
981,Abronia
982,Abronia
983,Heloderma
984,Heloderma
985,Amblyrhynchus
986,Conolophus
987,Conolophus
988,Conolophus
989,Ctenosaura
990,Ctenosaura
991,Ctenosaura
992,Ctenosaura
993,Cyclura
994,Cyclura
995,Cyclura
996,Cyclura
997,Cyclura
998,Cyclura
999,Cyclura
1000,Iguana
1001,Iguana
1002,Crocodilurus
1003,Dracaena
1004,Dracaena
1005,Salvator
1006,Salvator
1007,Salvator
1008,Tupinambis
1009,Tupinambis
1010,Tupinambis
1011,Tupinambis
1012,Boa
1013,Boa
1014,Corallus
1015,Corallus
1016,Corallus
1017,Corallus
1018,Corallus
1019,Corallus
1020,Corallus
1021,Corallus
1022,Epicrates
1023,Epicrates
1024,Epicrates
1025,Epicrates
1026,Epicrates
1027,Epicrates
1028,Epicrates
1029,Epicrates
1030,Epicrates
1031,Epicrates
1032,Epicrates
1033,Epicrates
1034,Eunectes
1035,Eunectes
1036,Eunectes
1037,Eunectes
1038,Clelia
1039,Cyclagras
1040,Micrurus
1041,Micrurus
1042,Micrurus
1043,Loxocemus
1044,Trachyboa
1045,Trachyboa
1046,Tropidophis
1047,Tropidophis
1048,Tropidophis
1049,Tropidophis
1050,Tropidophis
1051,Tropidophis
1052,Tropidophis
1053,Tropidophis
1054,Tropidophis
1055,Tropidophis
1056,Tropidophis
1057,Tropidophis
1058,Tropidophis
1059,Tropidophis
1060,Tropidophis
1061,Tropidophis
1062,Tropidophis
1063,Tropidophis
1064,Tropidophis
1065,Tropidophis
1066,Tropidophis
1067,Tropidophis
1068,Tropidophis
1069,Tropidophis
1070,Tropidophis
1071,Tropidophis
1072,Ungaliophis
1073,Ungaliophis
1074,Crotalus
1075,Caretta
1076,Chelonia
1077,Eretmochelys
1078,Lepidochelys
1079,Lepidochelys
1080,Dermatemys
1081,Dermochelys
1082,Peltocephalus
1083,Podocnemis
1084,Podocnemis
1085,Podocnemis
1086,Podocnemis
1087,Podocnemis
1088,Podocnemis
1089,Chelonoidis
1090,Chelonoidis
1091,Chelonoidis
1092,Chelonoidis
1093,Allobates
1094,Allobates
1095,Allobates
1096,Allobates
1097,Anomaloglossus
1098,Atelopus
1099,Incilius
1100,Calyptocephalella
1101,Adelphobates
1102,Adelphobates
1103,Adelphobates
1104,Ameerega
1105,Ameerega
1106,Ameerega
1107,Ameerega
1108,Ameerega
1109,Ameerega
1110,Ameerega
1111,Ameerega
1112,Ameerega
1113,Ameerega
1114,Ameerega
1115,Ameerega
1116,Ameerega
1117,Ameerega
1118,Ameerega
1119,Ameerega
1120,Ameerega
1121,Ameerega
1122,Ameerega
1123,Ameerega
1124,Ameerega
1125,Ameerega
1126,Ameerega
1127,Ameerega
1128,Ameerega
1129,Ameerega
1130,Ameerega
1131,Ameerega
1132,Ameerega
1133,Ameerega
1134,Ameerega
1135,Andinobates
1136,Andinobates
1137,Andinobates
1138,Andinobates
1139,Andinobates
1140,Andinobates
1141,Andinobates
1142,Andinobates
1143,Andinobates
1144,Andinobates
1145,Andinobates
1146,Andinobates
1147,Dendrobates
1148,Dendrobates
1149,Dendrobates
1150,Dendrobates
1151,Dendrobates
1152,Epipedobates
1153,Epipedobates
1154,Epipedobates
1155,Epipedobates
1156,Epipedobates
1157,Epipedobates
1158,Excidobates
1159,Excidobates
1160,Hyloxalus
1161,Minyobates
1162,Oophaga
1163,Oophaga
1164,Oophaga
1165,Oophaga
1166,Oophaga
1167,Oophaga
1168,Oophaga
1169,Oophaga
1170,Oophaga
1171,Phyllobates
1172,Phyllobates
1173,Phyllobates
1174,Phyllobates
1175,Phyllobates
1176,Ranitomeya
1177,Ranitomeya
1178,Ranitomeya
1179,Ranitomeya
1180,Ranitomeya
1181,Ranitomeya
1182,Ranitomeya
1183,Ranitomeya
1184,Ranitomeya
1185,Ranitomeya
1186,Ranitomeya
1187,Ranitomeya
1188,Ranitomeya
1189,Ranitomeya
1190,Ranitomeya
1191,Ranitomeya
1192,Agalychnis
1193,Agalychnis
1194,Agalychnis
1195,Agalychnis
1196,Agalychnis
1197,Telmatobius
1198,Carcharhinus
1199,Carcharhinus
1200,Sphyrna
1201,Sphyrna
1202,Sphyrna
1203,Cetorhinus
1204,Carcharodon
1205,Lamna
1206,Manta
1207,Potamotrygon
1208,Potamotrygon
1209,Potamotrygon
1210,Potamotrygon
1211,Potamotrygon
1212,Potamotrygon
1213,Potamotrygon
1214,Potamotrygon
1215,Potamotrygon
1216,Potamotrygon
1217,Potamotrygon
1218,Potamotrygon
1219,Potamotrygon
1220,Potamotrygon
1221,Potamotrygon
1222,Potamotrygon
1223,Potamotrygon
1224,Potamotrygon
1225,Potamotrygon
1226,Potamotrygon
1227,Rhincodon
1228,Pristis
1229,Pristis
1230,Pristis
1231,Isostichopus
1232,Brachypelma
1233,Brachypelma
1234,Brachypelma
1235,Brachypelma
1236,Brachypelma
1237,Brachypelma
1238,Dynastes
1239,Agrias
1240,Morpho
1241,Prepona
1242,Papilio
1243,Unio
1244,Strombus
1245,Polymita
1246,Polymita
1247,Polymita
1248,Polymita
1249,Polymita
1250,Polymita
1251,Allopathes
1252,Antipathes
1253,Antipathes
1254,Antipathes
1255,Antipathes
1256,Antipathes
1257,Antipathes
1258,Antipathes
1259,Antipathes
1260,Antipathes
1261,Antipathes
1262,Antipathes
1263,Cirrhipathes
1264,Cirrhipathes
1265,Pteropathes
1266,Stichopathes
1267,Stichopathes
1268,Stichopathes
1269,Stichopathes
1270,Acanthopathes
1271,Acanthopathes
1272,Aphanipathes
1273,Aphanipathes
1274,Distichopathes
1275,Elatopathes
1276,Phanopathes
1277,Rhipidipathes
1278,Chrysopathes
1279,Chrysopathes
1280,Chrysopathes
1281,Heliopathes
1282,Heliopathes
1283,Leiopathes
1284,Myriopathes
1285,Plumapathes
1286,Plumapathes
1287,Tanacetipathes
1288,Tanacetipathes
1289,Tanacetipathes
1290,Tanacetipathes
1291,Tanacetipathes
1292,Tanacetipathes
1293,Bathypathes
1294,Bathypathes
1295,Bathypathes
1296,Lillipathes
1297,Parantipathes
1298,Schizopathes
1299,Schizopathes
1300,Stylopathes
1301,Stylopathes
1302,Stylopathes
1303,Stylopathes
1304,Tylopathes
1305,Tylopathes
1306,Acropora
1307,Acropora
1308,Acropora
1309,Acropora
1310,Agaricia
1311,Agaricia
1312,Agaricia
1313,Agaricia
1314,Agaricia
1315,Agaricia
1316,Agaricia
1317,Gardineroseris
1318,Helioseris
1319,Leptoseris
1320,Leptoseris
1321,Leptoseris
1322,Leptoseris
1323,Leptoseris
1324,Leptoseris
1325,Pavona
1326,Pavona
1327,Pavona
1328,Pavona
1329,Pavona
1330,Pavona
1331,Pavona
1332,Pavona
1333,Pavona
1334,Anthemiphyllia
1335,Stephanocoenia
1336,Anomocora
1337,Anomocora
1338,Anomocora
1339,Anomocora
1340,Bathycyathus
1341,Caryophyllia
1342,Caryophyllia
1343,Caryophyllia
1344,Caryophyllia
1345,Caryophyllia
1346,Caryophyllia
1347,Caryophyllia
1348,Caryophyllia
1349,Caryophyllia
1350,Caryophyllia
1351,Caryophyllia
1352,Caryophyllia
1353,Caryophyllia
1354,Caryophyllia
1355,Caryophyllia
1356,Caryophyllia
1357,Cladocora
1358,Cladocora
1359,Cladocora
1360,Coenocyathus
1361,Coenocyathus
1362,Coenocyathus
1363,Coenosmilia
1364,Colangia
1365,Colangia
1366,Colangia
1367,Concentrotheca
1368,Concentrotheca
1369,Crispatotrochus
1370,Dasmosmilia
1371,Dasmosmilia
1372,Deltocyathus
1373,Deltocyathus
1374,Deltocyathus
1375,Deltocyathus
1376,Deltocyathus
1377,Deltocyathus
1378,Deltocyathus
1379,Deltocyathus
1380,Desmophyllum
1381,Desmophyllum
1382,Eusmilia
1383,Heterocyathus
1384,Labyrinthocyathus
1385,Lophelia
1386,Monohedotrochus
1387,Oxysmilia
1388,Paracyathus
1389,Paracyathus
1390,Phacelocyathus
1391,Phyllangia
1392,Phyllangia
1393,Phyllangia
1394,Polycyathus
1395,Polycyathus
1396,Polycyathus
1397,Polycyathus
1398,Pourtalosmilia
1399,Premocyathus
1400,Rhizosmilia
1401,Rhizosmilia
1402,Solenosmilia
1403,Stephanocyathus
1404,Stephanocyathus
1405,Stephanocyathus
1406,Stephanocyathus
1407,Stephanocyathus
1408,Stephanocyathus
1409,Tethocyathus
1410,Tethocyathus
1411,Tethocyathus
1412,Tethocyathus
1413,Tethocyathus
1414,Thalamophyllia
1415,Trochocyathus
1416,Trochocyathus
1417,Trochocyathus
1418,Balanophyllia
1419,Balanophyllia
1420,Balanophyllia
1421,Balanophyllia
1422,Balanophyllia
1423,Balanophyllia
1424,Balanophyllia
1425,Balanophyllia
1426,Balanophyllia
1427,Balanophyllia
1428,Balanophyllia
1429,Balanophyllia
1430,Bathypsammia
1431,Bathypsammia
1432,Cladopsammia
1433,Cladopsammia
1434,Cladopsammia
1435,Dendrophyllia
1436,Dendrophyllia
1437,Dendrophyllia
1438,Dendrophyllia
1439,Eguchipsammia
1440,Eguchipsammia
1441,Eguchipsammia
1442,Enallopsammia
1443,Enallopsammia
1444,Endopachys
1445,Endopsammia
1446,Leptopsammia
1447,Rhizopsammia
1448,Rhizopsammia
1449,Rhizopsammia
1450,Rhizopsammia
1451,Thecopsammia
1452,Trochopsammia
1453,Tubastraea
1454,Tubastraea
1455,Tubastraea
1456,Tubastraea
1457,Colpophyllia
1458,Colpophyllia
1459,Colpophyllia
1460,Diploria
1461,Diploria
1462,Diploria
1463,Favia
1464,Favia
1465,Favia
1466,Favia
1467,Leptastrea
1468,Manicina
1469,Montastrea
1470,Montastrea
1471,Montastrea
1472,Montastrea
1473,Solenastrea
1474,Solenastrea
1475,Flabellum
1476,Flabellum
1477,Flabellum
1478,Flabellum
1479,Flabellum
1480,Flabellum
1481,Flabellum
1482,Flabellum
1483,Javania
1484,Javania
1485,Placotrochides
1486,Polymyces
1487,Polymyces
1488,Polymyces
1489,Truncatoflabellum
1490,Fungiacyathus
1491,Fungiacyathus
1492,Fungiacyathus
1493,Fungiacyathus
1494,Fungiacyathus
1495,Fungia
1496,Fungia
1497,Fungia
1498,Fungia
1499,Gardineria
1500,Gardineria
1501,Gardineria
1502,Guynia
1503,Pourtalocyathus
1504,Schizocyathus
1505,Stenocyathus
1506,Dendrogyra
1507,Dichocoenia
1508,Dichocoenia
1509,Meandrina
1510,Meandrina
1511,Leptopenus
1512,Leptopenus
1513,Isophyllastrea
1514,Isophyllia
1515,Mussa
1516,Mussismilia
1517,Mussismilia
1518,Mussismilia
1519,Mycetophyllia
1520,Mycetophyllia
1521,Mycetophyllia
1522,Mycetophyllia
1523,Mycetophyllia
1524,Scolymia
1525,Scolymia
1526,Scolymia
1527,Bathelia
1528,Madrepora
1529,Madrepora
1530,Oculina
1531,Oculina
1532,Oculina
1533,Oculina
1534,Oculina
1535,Oculina
1536,Schizoculina
1537,Madracis
1538,Madracis
1539,Madracis
1540,Madracis
1541,Madracis
1542,Madracis
1543,Madracis
1544,Madracis
1545,Madracis
1546,Madracis
1547,Pocillopora
1548,Pocillopora
1549,Pocillopora
1550,Pocillopora
1551,Pocillopora
1552,Pocillopora
1553,Pocillopora
1554,Pocillopora
1555,Pocillopora
1556,Pocillopora
1557,Porites
1558,Porites
1559,Porites
1560,Porites
1561,Porites
1562,Porites
1563,Porites
1564,Porites
1565,Porites
1566,Astrangia
1567,Astrangia
1568,Astrangia
1569,Astrangia
1570,Astrangia
1571,Astrangia
1572,Astrangia
1573,Astrangia
1574,Culicia
1575,Culicia
1576,Cylicia
1577,Oulangia
1578,Psammocora
1579,Psammocora
1580,Psammocora
1581,Psammocora
1582,Psammocora
1583,Siderastrea
1584,Siderastrea
1585,Siderastrea
1586,Siderastrea
1587,Siderastrea
1588,Deltocyathoides
1589,Peponocyathus
1590,Pseudocyathoceras
1591,Sphenotrochus
1592,Sphenotrochus
1593,Sphenotrochus
1594,Sphenotrochus
1595,Trematotrochus
1596,Millepora
1597,Millepora
1598,Millepora
1599,Millepora
1600,Millepora
1601,Millepora
1602,Millepora
1603,Millepora
1604,Millepora
1605,Adelopora
1606,Cheiloporidion
1607,Crypthelia
1608,Crypthelia
1609,Crypthelia
1610,Crypthelia
1611,Crypthelia
1612,Crypthelia
1613,Crypthelia
1614,Crypthelia
1615,Crypthelia
1616,Crypthelia
1617,Crypthelia
1618,Crypthelia
1619,Crypthelia
1620,Distichopora
1621,Distichopora
1622,Distichopora
1623,Distichopora
1624,Distichopora
1625,Distichopora
1626,Distichopora
1627,Distichopora
1628,Errina
1629,Errina
1630,Errina
1631,Errina
1632,Errinopsis
1633,Inferiolabiata
1634,Lepidopora
1635,Lepidopora
1636,Lepidopora
1637,Lepidopora
1638,Lepidopora
1639,Lepidotheca
1640,Lepidotheca
1641,Lepidotheca
1642,Pliobothrus
1643,Pliobothrus
1644,Pliobothrus
1645,Pliobothrus
1646,Sporadopora
1647,Stellapora
1648,Stenohelia
1649,Stenohelia
1650,Stenohelia
1651,Stylaster
1652,Stylaster
1653,Stylaster
1654,Stylaster
1655,Stylaster
1656,Stylaster
1657,Stylaster
1658,Stylaster
1659,Stylaster
1660,Stylaster
1661,Stylaster
1662,Stylaster
1663,Stylaster
1664,Stylaster
1665,Stylaster
1666,Stylaster
