id_order,Order
2,Osteoglossiformes
3,Syngnathiformes
4,Syngnathiformes
5,Syngnathiformes
6,Syngnathiformes
7,Syngnathiformes
8,Artiodactyla
9,Artiodactyla
10,Artiodactyla
11,Artiodactyla
12,Artiodactyla
13,Artiodactyla
14,Artiodactyla
15,Artiodactyla
16,Artiodactyla
17,Artiodactyla
18,Artiodactyla
19,Artiodactyla
20,Artiodactyla
21,Artiodactyla
22,Carnivora
23,Carnivora
24,Carnivora
25,Carnivora
26,Carnivora
27,Carnivora
28,Carnivora
29,Carnivora
30,Carnivora
31,Carnivora
32,Carnivora
33,Carnivora
34,Carnivora
35,Carnivora
36,Carnivora
37,Carnivora
38,Carnivora
39,Carnivora
40,Carnivora
41,Carnivora
42,Carnivora
43,Carnivora
44,Carnivora
45,Carnivora
46,Carnivora
47,Carnivora
48,Carnivora
49,Carnivora
50,Carnivora
51,Carnivora
52,Carnivora
53,Carnivora
54,Carnivora
55,Carnivora
56,Carnivora
57,Carnivora
58,Carnivora
59,Carnivora
60,Carnivora
61,Carnivora
62,Carnivora
63,Carnivora
64,Carnivora
65,Cetacea
66,Cetacea
67,Cetacea
68,Cetacea
69,Cetacea
70,Cetacea
71,Cetacea
72,Cetacea
73,Cetacea
74,Cetacea
75,Cetacea
76,Cetacea
77,Cetacea
78,Cetacea
79,Cetacea
80,Cetacea
81,Cetacea
82,Cetacea
83,Cetacea
84,Cetacea
85,Cetacea
86,Cetacea
87,Cetacea
88,Cetacea
89,Cetacea
90,Cetacea
91,Cetacea
92,Cetacea
93,Cetacea
94,Cetacea
95,Cetacea
96,Cetacea
97,Cetacea
98,Cetacea
99,Cetacea
100,Cetacea
101,Cetacea
102,Cetacea
103,Cetacea
104,Cetacea
105,Cetacea
106,Cetacea
107,Cetacea
108,Cetacea
109,Cetacea
110,Cetacea
111,Cetacea
112,Cetacea
113,Cetacea
114,Cetacea
115,Cetacea
116,Cetacea
117,Cetacea
118,Cetacea
119,Cetacea
120,Cetacea
121,Cetacea
122,Chiroptera
123,Cingulata
124,Cingulata
125,Cingulata
126,Cingulata
127,Perissodactyla
128,Perissodactyla
129,Perissodactyla
130,Pilosa
131,Pilosa
132,Pilosa
133,Pilosa
134,Pilosa
135,Primates
136,Primates
137,Primates
138,Primates
139,Primates
140,Primates
141,Primates
142,Primates
143,Primates
144,Primates
145,Primates
146,Primates
147,Primates
148,Primates
149,Primates
150,Primates
151,Primates
152,Primates
153,Primates
154,Primates
155,Primates
156,Primates
157,Primates
158,Primates
159,Primates
160,Primates
161,Primates
162,Primates
163,Primates
164,Primates
165,Primates
166,Primates
167,Primates
168,Primates
169,Primates
170,Primates
171,Primates
172,Primates
173,Primates
174,Primates
175,Primates
176,Primates
177,Primates
178,Primates
179,Primates
180,Primates
181,Primates
182,Primates
183,Primates
184,Primates
185,Primates
186,Primates
187,Primates
188,Primates
189,Primates
190,Primates
191,Primates
192,Primates
193,Primates
194,Primates
195,Primates
196,Primates
197,Primates
198,Primates
199,Primates
200,Primates
201,Primates
202,Primates
203,Primates
204,Primates
205,Primates
206,Primates
207,Primates
208,Primates
209,Primates
210,Primates
211,Primates
212,Primates
213,Primates
214,Primates
215,Primates
216,Primates
217,Primates
218,Primates
219,Primates
220,Primates
221,Primates
222,Primates
223,Primates
224,Primates
225,Primates
226,Primates
227,Primates
228,Primates
229,Primates
230,Primates
231,Primates
232,Primates
233,Primates
234,Primates
235,Primates
236,Primates
237,Primates
238,Primates
239,Primates
240,Primates
241,Primates
242,Primates
243,Primates
244,Primates
245,Primates
246,Primates
247,Primates
248,Primates
249,Primates
250,Primates
251,Primates
252,Primates
253,Primates
254,Primates
255,Primates
256,Primates
257,Primates
258,Primates
259,Primates
260,Primates
261,Primates
262,Primates
263,Primates
264,Primates
265,Primates
266,Primates
267,Primates
268,Primates
269,Primates
270,Primates
271,Primates
272,Primates
273,Primates
274,Primates
275,Primates
276,Primates
277,Primates
278,Primates
279,Primates
280,Primates
281,Rodentia
282,Rodentia
283,Rodentia
284,Rodentia
285,Rodentia
286,Rodentia
287,Rodentia
288,Sirenia
289,Sirenia
290,Anseriformes
291,Anseriformes
292,Anseriformes
293,Anseriformes
294,Anseriformes
295,Anseriformes
296,Apodiformes
297,Apodiformes
298,Apodiformes
299,Apodiformes
300,Apodiformes
301,Apodiformes
302,Apodiformes
303,Apodiformes
304,Apodiformes
305,Apodiformes
306,Apodiformes
307,Apodiformes
308,Apodiformes
309,Apodiformes
310,Apodiformes
311,Apodiformes
312,Apodiformes
313,Apodiformes
314,Apodiformes
315,Apodiformes
316,Apodiformes
317,Apodiformes
318,Apodiformes
319,Apodiformes
320,Apodiformes
321,Apodiformes
322,Apodiformes
323,Apodiformes
324,Apodiformes
325,Apodiformes
326,Apodiformes
327,Apodiformes
328,Apodiformes
329,Apodiformes
330,Apodiformes
331,Apodiformes
332,Apodiformes
333,Apodiformes
334,Apodiformes
335,Apodiformes
336,Apodiformes
337,Apodiformes
338,Apodiformes
339,Apodiformes
340,Apodiformes
341,Apodiformes
342,Apodiformes
343,Apodiformes
344,Apodiformes
345,Apodiformes
346,Apodiformes
347,Apodiformes
348,Apodiformes
349,Apodiformes
350,Apodiformes
351,Apodiformes
352,Apodiformes
353,Apodiformes
354,Apodiformes
355,Apodiformes
356,Apodiformes
357,Apodiformes
358,Apodiformes
359,Apodiformes
360,Apodiformes
361,Apodiformes
362,Apodiformes
363,Apodiformes
364,Apodiformes
365,Apodiformes
366,Apodiformes
367,Apodiformes
368,Apodiformes
369,Apodiformes
370,Apodiformes
371,Apodiformes
372,Apodiformes
373,Apodiformes
374,Apodiformes
375,Apodiformes
376,Apodiformes
377,Apodiformes
378,Apodiformes
379,Apodiformes
380,Apodiformes
381,Apodiformes
382,Apodiformes
383,Apodiformes
384,Apodiformes
385,Apodiformes
386,Apodiformes
387,Apodiformes
388,Apodiformes
389,Apodiformes
390,Apodiformes
391,Apodiformes
392,Apodiformes
393,Apodiformes
394,Apodiformes
395,Apodiformes
396,Apodiformes
397,Apodiformes
398,Apodiformes
399,Apodiformes
400,Apodiformes
401,Apodiformes
402,Apodiformes
403,Apodiformes
404,Apodiformes
405,Apodiformes
406,Apodiformes
407,Apodiformes
408,Apodiformes
409,Apodiformes
410,Apodiformes
411,Apodiformes
412,Apodiformes
413,Apodiformes
414,Apodiformes
415,Apodiformes
416,Apodiformes
417,Apodiformes
418,Apodiformes
419,Apodiformes
420,Apodiformes
421,Apodiformes
422,Apodiformes
423,Apodiformes
424,Apodiformes
425,Apodiformes
426,Apodiformes
427,Apodiformes
428,Apodiformes
429,Apodiformes
430,Apodiformes
431,Apodiformes
432,Apodiformes
433,Apodiformes
434,Apodiformes
435,Apodiformes
436,Apodiformes
437,Apodiformes
438,Apodiformes
439,Apodiformes
440,Apodiformes
441,Apodiformes
442,Apodiformes
443,Apodiformes
444,Apodiformes
445,Apodiformes
446,Apodiformes
447,Apodiformes
448,Apodiformes
449,Apodiformes
450,Apodiformes
451,Apodiformes
452,Apodiformes
453,Apodiformes
454,Apodiformes
455,Apodiformes
456,Apodiformes
457,Apodiformes
458,Apodiformes
459,Apodiformes
460,Apodiformes
461,Apodiformes
462,Apodiformes
463,Apodiformes
464,Apodiformes
465,Apodiformes
466,Apodiformes
467,Apodiformes
468,Apodiformes
469,Apodiformes
470,Apodiformes
471,Apodiformes
472,Apodiformes
473,Apodiformes
474,Apodiformes
475,Apodiformes
476,Apodiformes
477,Apodiformes
478,Apodiformes
479,Apodiformes
480,Apodiformes
481,Apodiformes
482,Apodiformes
483,Apodiformes
484,Apodiformes
485,Apodiformes
486,Apodiformes
487,Apodiformes
488,Apodiformes
489,Apodiformes
490,Apodiformes
491,Apodiformes
492,Apodiformes
493,Apodiformes
494,Apodiformes
495,Apodiformes
496,Apodiformes
497,Apodiformes
498,Apodiformes
499,Apodiformes
500,Apodiformes
501,Apodiformes
502,Apodiformes
503,Apodiformes
504,Apodiformes
505,Apodiformes
506,Apodiformes
507,Apodiformes
508,Apodiformes
509,Apodiformes
510,Apodiformes
511,Apodiformes
512,Apodiformes
513,Apodiformes
514,Apodiformes
515,Apodiformes
516,Apodiformes
517,Apodiformes
518,Apodiformes
519,Apodiformes
520,Apodiformes
521,Apodiformes
522,Apodiformes
523,Apodiformes
524,Apodiformes
525,Apodiformes
526,Apodiformes
527,Apodiformes
528,Apodiformes
529,Apodiformes
530,Apodiformes
531,Apodiformes
532,Apodiformes
533,Apodiformes
534,Apodiformes
535,Apodiformes
536,Apodiformes
537,Apodiformes
538,Apodiformes
539,Apodiformes
540,Apodiformes
541,Apodiformes
542,Apodiformes
543,Apodiformes
544,Apodiformes
545,Apodiformes
546,Apodiformes
547,Apodiformes
548,Apodiformes
549,Apodiformes
550,Apodiformes
551,Apodiformes
552,Apodiformes
553,Apodiformes
554,Apodiformes
555,Apodiformes
556,Apodiformes
557,Apodiformes
558,Apodiformes
559,Apodiformes
560,Apodiformes
561,Apodiformes
562,Apodiformes
563,Apodiformes
564,Apodiformes
565,Apodiformes
566,Apodiformes
567,Apodiformes
568,Apodiformes
569,Apodiformes
570,Apodiformes
571,Apodiformes
572,Apodiformes
573,Apodiformes
574,Apodiformes
575,Apodiformes
576,Apodiformes
577,Apodiformes
578,Apodiformes
579,Apodiformes
580,Apodiformes
581,Apodiformes
582,Apodiformes
583,Apodiformes
584,Apodiformes
585,Apodiformes
586,Apodiformes
587,Apodiformes
588,Apodiformes
589,Apodiformes
590,Apodiformes
591,Apodiformes
592,Apodiformes
593,Apodiformes
594,Apodiformes
595,Apodiformes
596,Apodiformes
597,Apodiformes
598,Apodiformes
599,Apodiformes
600,Apodiformes
601,Apodiformes
602,Apodiformes
603,Apodiformes
604,Apodiformes
605,Charadriiformes
606,Charadriiformes
607,Ciconiiformes
608,Ciconiiformes
609,Ciconiiformes
610,Ciconiiformes
611,Ciconiiformes
612,Ciconiiformes
613,Ciconiiformes
614,Falconiformes
615,Falconiformes
616,Falconiformes
617,Falconiformes
618,Falconiformes
619,Falconiformes
620,Falconiformes
621,Falconiformes
622,Falconiformes
623,Falconiformes
624,Falconiformes
625,Falconiformes
626,Falconiformes
627,Falconiformes
628,Falconiformes
629,Falconiformes
630,Falconiformes
631,Falconiformes
632,Falconiformes
633,Falconiformes
634,Falconiformes
635,Falconiformes
636,Falconiformes
637,Falconiformes
638,Falconiformes
639,Falconiformes
640,Falconiformes
641,Falconiformes
642,Falconiformes
643,Falconiformes
644,Falconiformes
645,Falconiformes
646,Falconiformes
647,Falconiformes
648,Falconiformes
649,Falconiformes
650,Falconiformes
651,Falconiformes
652,Falconiformes
653,Falconiformes
654,Falconiformes
655,Falconiformes
656,Falconiformes
657,Falconiformes
658,Falconiformes
659,Falconiformes
660,Falconiformes
661,Falconiformes
662,Falconiformes
663,Falconiformes
664,Falconiformes
665,Falconiformes
666,Falconiformes
667,Falconiformes
668,Falconiformes
669,Falconiformes
670,Falconiformes
671,Falconiformes
672,Falconiformes
673,Falconiformes
674,Falconiformes
675,Falconiformes
676,Falconiformes
677,Falconiformes
678,Falconiformes
679,Falconiformes
680,Falconiformes
681,Falconiformes
682,Falconiformes
683,Falconiformes
684,Falconiformes
685,Falconiformes
686,Falconiformes
687,Falconiformes
688,Falconiformes
689,Falconiformes
690,Falconiformes
691,Falconiformes
692,Falconiformes
693,Falconiformes
694,Falconiformes
695,Falconiformes
696,Falconiformes
697,Falconiformes
698,Falconiformes
699,Falconiformes
700,Falconiformes
701,Falconiformes
702,Falconiformes
703,Falconiformes
704,Falconiformes
705,Falconiformes
706,Falconiformes
707,Falconiformes
708,Galliformes
709,Galliformes
710,Galliformes
711,Galliformes
712,Galliformes
713,Galliformes
714,Galliformes
715,Galliformes
716,Galliformes
717,Galliformes
718,Galliformes
719,Galliformes
720,Galliformes
721,Galliformes
722,Galliformes
723,Galliformes
724,Gruiformes
725,Gruiformes
726,Passeriformes
727,Passeriformes
728,Passeriformes
729,Passeriformes
730,Passeriformes
731,Passeriformes
732,Passeriformes
733,Passeriformes
734,Passeriformes
735,Passeriformes
736,Passeriformes
737,Passeriformes
738,Passeriformes
739,Passeriformes
740,Passeriformes
741,Piciformes
742,Piciformes
743,Piciformes
744,Piciformes
745,Piciformes
746,Piciformes
747,Piciformes
748,Piciformes
749,Piciformes
750,Piciformes
751,Piciformes
752,Podicipediformes
753,Psittaciformes
754,Psittaciformes
755,Psittaciformes
756,Psittaciformes
757,Psittaciformes
758,Psittaciformes
759,Psittaciformes
760,Psittaciformes
761,Psittaciformes
762,Psittaciformes
763,Psittaciformes
764,Psittaciformes
765,Psittaciformes
766,Psittaciformes
767,Psittaciformes
768,Psittaciformes
769,Psittaciformes
770,Psittaciformes
771,Psittaciformes
772,Psittaciformes
773,Psittaciformes
774,Psittaciformes
775,Psittaciformes
776,Psittaciformes
777,Psittaciformes
778,Psittaciformes
779,Psittaciformes
780,Psittaciformes
781,Psittaciformes
782,Psittaciformes
783,Psittaciformes
784,Psittaciformes
785,Psittaciformes
786,Psittaciformes
787,Psittaciformes
788,Psittaciformes
789,Psittaciformes
790,Psittaciformes
791,Psittaciformes
792,Psittaciformes
793,Psittaciformes
794,Psittaciformes
795,Psittaciformes
796,Psittaciformes
797,Psittaciformes
798,Psittaciformes
799,Psittaciformes
800,Psittaciformes
801,Psittaciformes
802,Psittaciformes
803,Psittaciformes
804,Psittaciformes
805,Psittaciformes
806,Psittaciformes
807,Psittaciformes
808,Psittaciformes
809,Psittaciformes
810,Psittaciformes
811,Psittaciformes
812,Psittaciformes
813,Psittaciformes
814,Psittaciformes
815,Psittaciformes
816,Psittaciformes
817,Psittaciformes
818,Psittaciformes
819,Psittaciformes
820,Psittaciformes
821,Psittaciformes
822,Psittaciformes
823,Psittaciformes
824,Psittaciformes
825,Psittaciformes
826,Psittaciformes
827,Psittaciformes
828,Psittaciformes
829,Psittaciformes
830,Psittaciformes
831,Psittaciformes
832,Psittaciformes
833,Psittaciformes
834,Psittaciformes
835,Psittaciformes
836,Psittaciformes
837,Psittaciformes
838,Psittaciformes
839,Psittaciformes
840,Psittaciformes
841,Psittaciformes
842,Psittaciformes
843,Psittaciformes
844,Psittaciformes
845,Psittaciformes
846,Psittaciformes
847,Psittaciformes
848,Psittaciformes
849,Psittaciformes
850,Psittaciformes
851,Psittaciformes
852,Psittaciformes
853,Psittaciformes
854,Psittaciformes
855,Psittaciformes
856,Psittaciformes
857,Psittaciformes
858,Psittaciformes
859,Psittaciformes
860,Psittaciformes
861,Psittaciformes
862,Psittaciformes
863,Psittaciformes
864,Psittaciformes
865,Psittaciformes
866,Psittaciformes
867,Psittaciformes
868,Psittaciformes
869,Psittaciformes
870,Psittaciformes
871,Psittaciformes
872,Psittaciformes
873,Psittaciformes
874,Psittaciformes
875,Psittaciformes
876,Psittaciformes
877,Psittaciformes
878,Psittaciformes
879,Psittaciformes
880,Psittaciformes
881,Psittaciformes
882,Psittaciformes
883,Psittaciformes
884,Psittaciformes
885,Psittaciformes
886,Psittaciformes
887,Psittaciformes
888,Psittaciformes
889,Psittaciformes
890,Psittaciformes
891,Psittaciformes
892,Psittaciformes
893,Psittaciformes
894,Psittaciformes
895,Psittaciformes
896,Psittaciformes
897,Psittaciformes
898,Psittaciformes
899,Psittaciformes
900,Psittaciformes
901,Psittaciformes
902,Psittaciformes
903,Rheiformes
904,Rheiformes
905,Rheiformes
906,Sphenisciformes
907,Strigiformes
908,Strigiformes
909,Strigiformes
910,Strigiformes
911,Strigiformes
912,Strigiformes
913,Strigiformes
914,Strigiformes
915,Strigiformes
916,Strigiformes
917,Strigiformes
918,Strigiformes
919,Strigiformes
920,Strigiformes
921,Strigiformes
922,Strigiformes
923,Strigiformes
924,Strigiformes
925,Strigiformes
926,Strigiformes
927,Strigiformes
928,Strigiformes
929,Strigiformes
930,Strigiformes
931,Strigiformes
932,Strigiformes
933,Strigiformes
934,Strigiformes
935,Strigiformes
936,Strigiformes
937,Strigiformes
938,Strigiformes
939,Strigiformes
940,Strigiformes
941,Strigiformes
942,Strigiformes
943,Strigiformes
944,Strigiformes
945,Strigiformes
946,Strigiformes
947,Strigiformes
948,Strigiformes
949,Strigiformes
950,Strigiformes
951,Strigiformes
952,Strigiformes
953,Strigiformes
954,Strigiformes
955,Strigiformes
956,Strigiformes
957,Strigiformes
958,Strigiformes
959,Strigiformes
960,Strigiformes
961,Strigiformes
962,Strigiformes
963,Strigiformes
964,Strigiformes
965,Tinamiformes
966,Trogoniformes
967,Crocodylia
968,Crocodylia
969,Crocodylia
970,Crocodylia
971,Crocodylia
972,Crocodylia
973,Crocodylia
974,Crocodylia
975,Crocodylia
976,Crocodylia
977,Sauria
978,Sauria
979,Sauria
980,Sauria
981,Sauria
982,Sauria
983,Sauria
984,Sauria
985,Sauria
986,Sauria
987,Sauria
988,Sauria
989,Sauria
990,Sauria
991,Sauria
992,Sauria
993,Sauria
994,Sauria
995,Sauria
996,Sauria
997,Sauria
998,Sauria
999,Sauria
1000,Sauria
1001,Sauria
1002,Sauria
1003,Sauria
1004,Sauria
1005,Sauria
1006,Sauria
1007,Sauria
1008,Sauria
1009,Sauria
1010,Sauria
1011,Sauria
1012,Serpentes
1013,Serpentes
1014,Serpentes
1015,Serpentes
1016,Serpentes
1017,Serpentes
1018,Serpentes
1019,Serpentes
1020,Serpentes
1021,Serpentes
1022,Serpentes
1023,Serpentes
1024,Serpentes
1025,Serpentes
1026,Serpentes
1027,Serpentes
1028,Serpentes
1029,Serpentes
1030,Serpentes
1031,Serpentes
1032,Serpentes
1033,Serpentes
1034,Serpentes
1035,Serpentes
1036,Serpentes
1037,Serpentes
1038,Serpentes
1039,Serpentes
1040,Serpentes
1041,Serpentes
1042,Serpentes
1043,Serpentes
1044,Serpentes
1045,Serpentes
1046,Serpentes
1047,Serpentes
1048,Serpentes
1049,Serpentes
1050,Serpentes
1051,Serpentes
1052,Serpentes
1053,Serpentes
1054,Serpentes
1055,Serpentes
1056,Serpentes
1057,Serpentes
1058,Serpentes
1059,Serpentes
1060,Serpentes
1061,Serpentes
1062,Serpentes
1063,Serpentes
1064,Serpentes
1065,Serpentes
1066,Serpentes
1067,Serpentes
1068,Serpentes
1069,Serpentes
1070,Serpentes
1071,Serpentes
1072,Serpentes
1073,Serpentes
1074,Serpentes
1075,Testudines
1076,Testudines
1077,Testudines
1078,Testudines
1079,Testudines
1080,Testudines
1081,Testudines
1082,Testudines
1083,Testudines
1084,Testudines
1085,Testudines
1086,Testudines
1087,Testudines
1088,Testudines
1089,Testudines
1090,Testudines
1091,Testudines
1092,Testudines
1093,Anura
1094,Anura
1095,Anura
1096,Anura
1097,Anura
1098,Anura
1099,Anura
1100,Anura
1101,Anura
1102,Anura
1103,Anura
1104,Anura
1105,Anura
1106,Anura
1107,Anura
1108,Anura
1109,Anura
1110,Anura
1111,Anura
1112,Anura
1113,Anura
1114,Anura
1115,Anura
1116,Anura
1117,Anura
1118,Anura
1119,Anura
1120,Anura
1121,Anura
1122,Anura
1123,Anura
1124,Anura
1125,Anura
1126,Anura
1127,Anura
1128,Anura
1129,Anura
1130,Anura
1131,Anura
1132,Anura
1133,Anura
1134,Anura
1135,Anura
1136,Anura
1137,Anura
1138,Anura
1139,Anura
1140,Anura
1141,Anura
1142,Anura
1143,Anura
1144,Anura
1145,Anura
1146,Anura
1147,Anura
1148,Anura
1149,Anura
1150,Anura
1151,Anura
1152,Anura
1153,Anura
1154,Anura
1155,Anura
1156,Anura
1157,Anura
1158,Anura
1159,Anura
1160,Anura
1161,Anura
1162,Anura
1163,Anura
1164,Anura
1165,Anura
1166,Anura
1167,Anura
1168,Anura
1169,Anura
1170,Anura
1171,Anura
1172,Anura
1173,Anura
1174,Anura
1175,Anura
1176,Anura
1177,Anura
1178,Anura
1179,Anura
1180,Anura
1181,Anura
1182,Anura
1183,Anura
1184,Anura
1185,Anura
1186,Anura
1187,Anura
1188,Anura
1189,Anura
1190,Anura
1191,Anura
1192,Anura
1193,Anura
1194,Anura
1195,Anura
1196,Anura
1197,Anura
1198,Carcharhiniformes
1199,Carcharhiniformes
1200,Carcharhiniformes
1201,Carcharhiniformes
1202,Carcharhiniformes
1203,Lamniformes
1204,Lamniformes
1205,Lamniformes
1206,Myliobatiformes
1207,Myliobatiformes
1208,Myliobatiformes
1209,Myliobatiformes
1210,Myliobatiformes
1211,Myliobatiformes
1212,Myliobatiformes
1213,Myliobatiformes
1214,Myliobatiformes
1215,Myliobatiformes
1216,Myliobatiformes
1217,Myliobatiformes
1218,Myliobatiformes
1219,Myliobatiformes
1220,Myliobatiformes
1221,Myliobatiformes
1222,Myliobatiformes
1223,Myliobatiformes
1224,Myliobatiformes
1225,Myliobatiformes
1226,Myliobatiformes
1227,Orectolobiformes
1228,Pristiformes
1229,Pristiformes
1230,Pristiformes
1231,Aspidochirotida
1232,Araneae
1233,Araneae
1234,Araneae
1235,Araneae
1236,Araneae
1237,Araneae
1238,Coleoptera
1239,Lepidoptera
1240,Lepidoptera
1241,Lepidoptera
1242,Lepidoptera
1243,Unionoida
1244,Mesogastropoda
1245,Stylommatophora
1246,Stylommatophora
1247,Stylommatophora
1248,Stylommatophora
1249,Stylommatophora
1250,Stylommatophora
1251,Antipatharia
1252,Antipatharia
1253,Antipatharia
1254,Antipatharia
1255,Antipatharia
1256,Antipatharia
1257,Antipatharia
1258,Antipatharia
1259,Antipatharia
1260,Antipatharia
1261,Antipatharia
1262,Antipatharia
1263,Antipatharia
1264,Antipatharia
1265,Antipatharia
1266,Antipatharia
1267,Antipatharia
1268,Antipatharia
1269,Antipatharia
1270,Antipatharia
1271,Antipatharia
1272,Antipatharia
1273,Antipatharia
1274,Antipatharia
1275,Antipatharia
1276,Antipatharia
1277,Antipatharia
1278,Antipatharia
1279,Antipatharia
1280,Antipatharia
1281,Antipatharia
1282,Antipatharia
1283,Antipatharia
1284,Antipatharia
1285,Antipatharia
1286,Antipatharia
1287,Antipatharia
1288,Antipatharia
1289,Antipatharia
1290,Antipatharia
1291,Antipatharia
1292,Antipatharia
1293,Antipatharia
1294,Antipatharia
1295,Antipatharia
1296,Antipatharia
1297,Antipatharia
1298,Antipatharia
1299,Antipatharia
1300,Antipatharia
1301,Antipatharia
1302,Antipatharia
1303,Antipatharia
1304,Antipatharia
1305,Antipatharia
1306,Scleractinia
1307,Scleractinia
1308,Scleractinia
1309,Scleractinia
1310,Scleractinia
1311,Scleractinia
1312,Scleractinia
1313,Scleractinia
1314,Scleractinia
1315,Scleractinia
1316,Scleractinia
1317,Scleractinia
1318,Scleractinia
1319,Scleractinia
1320,Scleractinia
1321,Scleractinia
1322,Scleractinia
1323,Scleractinia
1324,Scleractinia
1325,Scleractinia
1326,Scleractinia
1327,Scleractinia
1328,Scleractinia
1329,Scleractinia
1330,Scleractinia
1331,Scleractinia
1332,Scleractinia
1333,Scleractinia
1334,Scleractinia
1335,Scleractinia
1336,Scleractinia
1337,Scleractinia
1338,Scleractinia
1339,Scleractinia
1340,Scleractinia
1341,Scleractinia
1342,Scleractinia
1343,Scleractinia
1344,Scleractinia
1345,Scleractinia
1346,Scleractinia
1347,Scleractinia
1348,Scleractinia
1349,Scleractinia
1350,Scleractinia
1351,Scleractinia
1352,Scleractinia
1353,Scleractinia
1354,Scleractinia
1355,Scleractinia
1356,Scleractinia
1357,Scleractinia
1358,Scleractinia
1359,Scleractinia
1360,Scleractinia
1361,Scleractinia
1362,Scleractinia
1363,Scleractinia
1364,Scleractinia
1365,Scleractinia
1366,Scleractinia
1367,Scleractinia
1368,Scleractinia
1369,Scleractinia
1370,Scleractinia
1371,Scleractinia
1372,Scleractinia
1373,Scleractinia
1374,Scleractinia
1375,Scleractinia
1376,Scleractinia
1377,Scleractinia
1378,Scleractinia
1379,Scleractinia
1380,Scleractinia
1381,Scleractinia
1382,Scleractinia
1383,Scleractinia
1384,Scleractinia
1385,Scleractinia
1386,Scleractinia
1387,Scleractinia
1388,Scleractinia
1389,Scleractinia
1390,Scleractinia
1391,Scleractinia
1392,Scleractinia
1393,Scleractinia
1394,Scleractinia
1395,Scleractinia
1396,Scleractinia
1397,Scleractinia
1398,Scleractinia
1399,Scleractinia
1400,Scleractinia
1401,Scleractinia
1402,Scleractinia
1403,Scleractinia
1404,Scleractinia
1405,Scleractinia
1406,Scleractinia
1407,Scleractinia
1408,Scleractinia
1409,Scleractinia
1410,Scleractinia
1411,Scleractinia
1412,Scleractinia
1413,Scleractinia
1414,Scleractinia
1415,Scleractinia
1416,Scleractinia
1417,Scleractinia
1418,Scleractinia
1419,Scleractinia
1420,Scleractinia
1421,Scleractinia
1422,Scleractinia
1423,Scleractinia
1424,Scleractinia
1425,Scleractinia
1426,Scleractinia
1427,Scleractinia
1428,Scleractinia
1429,Scleractinia
1430,Scleractinia
1431,Scleractinia
1432,Scleractinia
1433,Scleractinia
1434,Scleractinia
1435,Scleractinia
1436,Scleractinia
1437,Scleractinia
1438,Scleractinia
1439,Scleractinia
1440,Scleractinia
1441,Scleractinia
1442,Scleractinia
1443,Scleractinia
1444,Scleractinia
1445,Scleractinia
1446,Scleractinia
1447,Scleractinia
1448,Scleractinia
1449,Scleractinia
1450,Scleractinia
1451,Scleractinia
1452,Scleractinia
1453,Scleractinia
1454,Scleractinia
1455,Scleractinia
1456,Scleractinia
1457,Scleractinia
1458,Scleractinia
1459,Scleractinia
1460,Scleractinia
1461,Scleractinia
1462,Scleractinia
1463,Scleractinia
1464,Scleractinia
1465,Scleractinia
1466,Scleractinia
1467,Scleractinia
1468,Scleractinia
1469,Scleractinia
1470,Scleractinia
1471,Scleractinia
1472,Scleractinia
1473,Scleractinia
1474,Scleractinia
1475,Scleractinia
1476,Scleractinia
1477,Scleractinia
1478,Scleractinia
1479,Scleractinia
1480,Scleractinia
1481,Scleractinia
1482,Scleractinia
1483,Scleractinia
1484,Scleractinia
1485,Scleractinia
1486,Scleractinia
1487,Scleractinia
1488,Scleractinia
1489,Scleractinia
1490,Scleractinia
1491,Scleractinia
1492,Scleractinia
1493,Scleractinia
1494,Scleractinia
1495,Scleractinia
1496,Scleractinia
1497,Scleractinia
1498,Scleractinia
1499,Scleractinia
1500,Scleractinia
1501,Scleractinia
1502,Scleractinia
1503,Scleractinia
1504,Scleractinia
1505,Scleractinia
1506,Scleractinia
1507,Scleractinia
1508,Scleractinia
1509,Scleractinia
1510,Scleractinia
1511,Scleractinia
1512,Scleractinia
1513,Scleractinia
1514,Scleractinia
1515,Scleractinia
1516,Scleractinia
1517,Scleractinia
1518,Scleractinia
1519,Scleractinia
1520,Scleractinia
1521,Scleractinia
1522,Scleractinia
1523,Scleractinia
1524,Scleractinia
1525,Scleractinia
1526,Scleractinia
1527,Scleractinia
1528,Scleractinia
1529,Scleractinia
1530,Scleractinia
1531,Scleractinia
1532,Scleractinia
1533,Scleractinia
1534,Scleractinia
1535,Scleractinia
1536,Scleractinia
1537,Scleractinia
1538,Scleractinia
1539,Scleractinia
1540,Scleractinia
1541,Scleractinia
1542,Scleractinia
1543,Scleractinia
1544,Scleractinia
1545,Scleractinia
1546,Scleractinia
1547,Scleractinia
1548,Scleractinia
1549,Scleractinia
1550,Scleractinia
1551,Scleractinia
1552,Scleractinia
1553,Scleractinia
1554,Scleractinia
1555,Scleractinia
1556,Scleractinia
1557,Scleractinia
1558,Scleractinia
1559,Scleractinia
1560,Scleractinia
1561,Scleractinia
1562,Scleractinia
1563,Scleractinia
1564,Scleractinia
1565,Scleractinia
1566,Scleractinia
1567,Scleractinia
1568,Scleractinia
1569,Scleractinia
1570,Scleractinia
1571,Scleractinia
1572,Scleractinia
1573,Scleractinia
1574,Scleractinia
1575,Scleractinia
1576,Scleractinia
1577,Scleractinia
1578,Scleractinia
1579,Scleractinia
1580,Scleractinia
1581,Scleractinia
1582,Scleractinia
1583,Scleractinia
1584,Scleractinia
1585,Scleractinia
1586,Scleractinia
1587,Scleractinia
1588,Scleractinia
1589,Scleractinia
1590,Scleractinia
1591,Scleractinia
1592,Scleractinia
1593,Scleractinia
1594,Scleractinia
1595,Scleractinia
1596,Milleporina
1597,Milleporina
1598,Milleporina
1599,Milleporina
1600,Milleporina
1601,Milleporina
1602,Milleporina
1603,Milleporina
1604,Milleporina
1605,Stylasterina
1606,Stylasterina
1607,Stylasterina
1608,Stylasterina
1609,Stylasterina
1610,Stylasterina
1611,Stylasterina
1612,Stylasterina
1613,Stylasterina
1614,Stylasterina
1615,Stylasterina
1616,Stylasterina
1617,Stylasterina
1618,Stylasterina
1619,Stylasterina
1620,Stylasterina
1621,Stylasterina
1622,Stylasterina
1623,Stylasterina
1624,Stylasterina
1625,Stylasterina
1626,Stylasterina
1627,Stylasterina
1628,Stylasterina
1629,Stylasterina
1630,Stylasterina
1631,Stylasterina
1632,Stylasterina
1633,Stylasterina
1634,Stylasterina
1635,Stylasterina
1636,Stylasterina
1637,Stylasterina
1638,Stylasterina
1639,Stylasterina
1640,Stylasterina
1641,Stylasterina
1642,Stylasterina
1643,Stylasterina
1644,Stylasterina
1645,Stylasterina
1646,Stylasterina
1647,Stylasterina
1648,Stylasterina
1649,Stylasterina
1650,Stylasterina
1651,Stylasterina
1652,Stylasterina
1653,Stylasterina
1654,Stylasterina
1655,Stylasterina
1656,Stylasterina
1657,Stylasterina
1658,Stylasterina
1659,Stylasterina
1660,Stylasterina
1661,Stylasterina
1662,Stylasterina
1663,Stylasterina
1664,Stylasterina
1665,Stylasterina
1666,Stylasterina
